fid;DN;ID_Classe;segment_primitive_BI2_B_mean;segment_primitive_MSAVI2_M_mean;segment_primitive_NDWI2_N_mean;segment_primitive_Harilick_H_mean;ID
45;45;3;0.365028585745292;0.365028585745292;0.365028585745292;0.258534504511127;1
305;305;2;-0.093544026602593;-0.093544026602593;-0.093544026602593;3.540970637494938;2
480;480;2;-0.147285889717411;-0.147285889717411;-0.147285889717411;3.808380208353066;3
735;735;4;0.384393681375454;0.384393681375454;0.384393681375454;1.151936379507569;4
832;832;2;-0.055690146014724;-0.055690146014724;-0.055690146014724;3.082703722780894;5
843;843;4;0.226314288316651;0.226314288316651;0.226314288316651;1.963271338085817;6
869;869;4;0.210232282910264;0.210232282910264;0.210232282910264;2.285073257518775;7
927;927;4;0.232629653782023;0.232629653782023;0.232629653782023;2.033679514411302;8
1014;1014;4;0.231111499313081;0.231111499313081;0.231111499313081;2.066759073144139;9
1079;1079;4;0.229062622375365;0.229062622375365;0.229062622375365;1.988419606214032;10
1356;1356;1;-0.22367045060307;-0.22367045060307;-0.22367045060307;3.440952369144985;11
1390;1390;1;-0.206519149939907;-0.206519149939907;-0.206519149939907;3.698477518187262;12
1429;1429;1;-0.148386855348409;-0.148386855348409;-0.148386855348409;3.320575546017654;13
1435;1435;1;-0.19777792460279;-0.19777792460279;-0.19777792460279;2.676777041247875;14
1600;1600;1;-0.180312049866633;-0.180312049866633;-0.180312049866633;3.748015269068361;15
1604;1604;1;-0.269776043960624;-0.269776043960624;-0.269776043960624;3.851629061507701;16
1616;1616;3;0.330934904072143;0.330934904072143;0.330934904072143;0.217374773134011;17
1618;1618;1;-0.20759604466214;-0.20759604466214;-0.20759604466214;3.07099611207091;18
1658;1658;4;0.291151303343657;0.291151303343657;0.291151303343657;1.192765603976192;19
1660;1660;3;0.340879401093965;0.340879401093965;0.340879401093965;0.268135024815698;20
1692;1692;4;0.278397977523572;0.278397977523572;0.278397977523572;1.142324481495714;21
1713;1713;4;0.240237739100399;0.240237739100399;0.240237739100399;2.438486051749423;22
1721;1721;4;0.315250544687042;0.315250544687042;0.315250544687042;2.059081270079731;23
1726;1726;4;0.206344632981381;0.206344632981381;0.206344632981381;3.276551723936965;24
1745;1745;4;0.259439726200727;0.259439726200727;0.259439726200727;2.089009002522305;25
1747;1747;4;0.271107262393958;0.271107262393958;0.271107262393958;2.16619718242699;26
1757;1757;4;0.311568320922132;0.311568320922132;0.311568320922132;2.009433963013895;27
1795;1795;4;0.195553943715288;0.195553943715288;0.195553943715288;3.076681619267827;28
1818;1818;3;0.431159873456034;0.431159873456034;0.431159873456034;0.198805698612267;29
1837;1837;4;0.273101814401417;0.273101814401417;0.273101814401417;1.162365112480315;30
1856;1856;4;0.209553458031361;0.209553458031361;0.209553458031361;2.571428571929451;31
2061;2061;2;-0.250273073062032;-0.250273073062032;-0.250273073062032;4.34674264042013;32
2132;2132;2;-0.169223974575528;-0.169223974575528;-0.169223974575528;3.907494870544214;33
2136;2136;2;-0.290663658985548;-0.290663658985548;-0.290663658985548;4.627124907085102;34
2168;2168;3;0.421806152661115;0.421806152661115;0.421806152661115;0.242195121594334;35
2247;2247;2;-0.079237204327795;-0.079237204327795;-0.079237204327795;2.957550307479952;36
2275;2275;2;-0.174337842784032;-0.174337842784032;-0.174337842784032;3.864156864136875;37
3457;3457;3;0.159303432858668;0.159303432858668;0.159303432858668;1.061081411505258;38
3633;3633;3;0.07168373541697;0.07168373541697;0.07168373541697;1.101887982449719;39
3923;3923;4;0.159053331063831;0.159053331063831;0.159053331063831;2.030146438355185;40
3957;3957;3;0.343731093971033;0.343731093971033;0.343731093971033;0.289301499936412;41
4559;4559;3;0.154671318123204;0.154671318123204;0.154671318123204;0.986998570193243;42
5145;5145;2;-0.151423577264068;-0.151423577264068;-0.151423577264068;3.954939991950989;43
5165;5165;2;-0.078716066609054;-0.078716066609054;-0.078716066609054;3.929241938168003;44
5194;5194;2;-0.088509877313817;-0.088509877313817;-0.088509877313817;3.717454152842813;45
5259;5259;2;-0.066326839748451;-0.066326839748451;-0.066326839748451;3.683271946395593;46
5323;5323;2;-0.136959715847774;-0.136959715847774;-0.136959715847774;3.975302532692291;47
5381;5381;2;-0.076807722200967;-0.076807722200967;-0.076807722200967;3.641310422428184;48
7694;7694;4;0.131903369656533;0.131903369656533;0.131903369656533;3.014678116349533;49
7698;7698;4;0.173530678656933;0.173530678656933;0.173530678656933;2.935000007481952;50
7704;7704;4;0.057509958981113;0.057509958981113;0.057509958981113;5.578454555164684;51
7706;7706;4;0.204402832438548;0.204402832438548;0.204402832438548;2.30516666273276;52
7707;7707;4;0.137027550429106;0.137027550429106;0.137027550429106;3.450959995269776;53
7717;7717;4;0.061163555243327;0.061163555243327;0.061163555243327;5.442406628636404;54
7719;7719;4;0.120509592366021;0.120509592366021;0.120509592366021;3.691706175487753;55
7721;7721;4;0.183736674124148;0.183736674124148;0.183736674124148;2.713902440012955;56
7730;7730;4;0.078399000628813;0.078399000628813;0.078399000628813;4.82658536259721;57
7731;7731;4;0.167259736975719;0.167259736975719;0.167259736975719;2.950137929258676;58
7738;7738;4;0.178765879044759;0.178765879044759;0.178765879044759;2.975431038387891;59
7743;7743;4;0.127907674200833;0.127907674200833;0.127907674200833;3.375166656573613;60
7750;7750;4;0.161794545967676;0.161794545967676;0.161794545967676;2.683040940970705;61
7751;7751;4;0.156019910784631;0.156019910784631;0.156019910784631;3.171853443671917;62
7753;7753;4;0.068371238278374;0.068371238278374;0.068371238278374;5.141554194237802;63
7755;7755;4;0.138559527045419;0.138559527045419;0.138559527045419;3.345116277766782;64
7760;7760;4;0.248035202029744;0.248035202029744;0.248035202029744;2.304419261537936;65
7764;7764;4;0.172522868133254;0.172522868133254;0.172522868133254;2.116472210817867;66
7765;7765;4;0.08077255313803;0.08077255313803;0.08077255313803;4.67899581378474;67
7768;7768;4;0.152307467935961;0.152307467935961;0.152307467935961;3.343670882756197;68
7769;7769;4;0.173846510862272;0.173846510862272;0.173846510862272;2.492283463478088;69
7771;7771;4;0.172019382537558;0.172019382537558;0.172019382537558;2.695961543917656;70
7774;7774;4;0.100276906618282;0.100276906618282;0.100276906618282;4.041652162956156;71
7775;7775;4;0.189579242553848;0.189579242553848;0.189579242553848;2.898942314661466;72
7784;7784;4;0.284284322571598;0.284284322571598;0.284284322571598;2.181578942035374;73
7789;7789;4;0.112405164760572;0.112405164760572;0.112405164760572;3.826074070400662;74
7790;7790;4;0.172871798276901;0.172871798276901;0.172871798276901;2.303669721708385;75
7792;7792;4;0.218656387539072;0.218656387539072;0.218656387539072;1.444345450834794;76
7796;7796;4;0.144166073137309;0.144166073137309;0.144166073137309;3.077045835744343;77
7802;7802;4;0.166323575449901;0.166323575449901;0.166323575449901;2.813263885676861;78
7803;7803;4;0.195667166771865;0.195667166771865;0.195667166771865;2.407920792079208;79
7810;7810;4;0.158614974410739;0.158614974410739;0.158614974410739;2.721562508493662;80
7812;7812;4;0.341946335340088;0.341946335340088;0.341946335340088;1.411818181926554;81
7813;7813;4;0.172333967904015;0.172333967904015;0.172333967904015;3.011543754513871;82
7815;7815;4;0.166748601838317;0.166748601838317;0.166748601838317;2.835633796705327;83
7825;7825;4;0.353638992140627;0.353638992140627;0.353638992140627;2.217643311828565;84
7828;7828;4;0.234270917418155;0.234270917418155;0.234270917418155;2.059489356203282;85
7829;7829;4;0.189726329054633;0.189726329054633;0.189726329054633;2.81539083555381;86
7832;7832;4;0.068151421844959;0.068151421844959;0.068151421844959;5.270176418201728;87
7836;7836;4;0.191468015807793;0.191468015807793;0.191468015807793;2.484979254081536;88
7840;7840;4;0.146037575271395;0.146037575271395;0.146037575271395;3.008074073438291;89
7845;7845;4;0.261304109692574;0.261304109692574;0.261304109692574;2.372799994945526;90
7850;7850;4;0.184848387826444;0.184848387826444;0.184848387826444;2.927748925242073;91
7852;7852;4;0.127238624891557;0.127238624891557;0.127238624891557;3.409449540146994;92
7853;7853;4;0.108630662771691;0.108630662771691;0.108630662771691;3.870537227779824;93
7854;7854;4;0.193720338674715;0.193720338674715;0.193720338674715;2.623609024480471;94
7855;7855;4;0.300069625634666;0.300069625634666;0.300069625634666;1.666238536528491;95
7856;7856;4;0.175557473236147;0.175557473236147;0.175557473236147;3.198697478580875;96
7865;7865;4;0.168028818783553;0.168028818783553;0.168028818783553;2.688869573758996;97
7868;7868;4;0.215596386489748;0.215596386489748;0.215596386489748;2.539159662583295;98
7870;7870;4;0.20821215923842;0.20821215923842;0.20821215923842;2.570450454144865;99
7871;7871;4;0.23893891145303;0.23893891145303;0.23893891145303;1.491410653232407;100
7872;7872;4;0.320364434848769;0.320364434848769;0.320364434848769;1.526025103724651;101
7884;7884;4;0.202639535486281;0.202639535486281;0.202639535486281;2.482797212534018;102
7890;7890;4;0.152110385234484;0.152110385234484;0.152110385234484;3.226826350845977;103
7891;7891;4;0.270299387403897;0.270299387403897;0.270299387403897;2.03885714156287;104
7894;7894;4;0.184542007604489;0.184542007604489;0.184542007604489;2.821340488684401;105
7895;7895;4;0.218849133049685;0.218849133049685;0.218849133049685;1.973492056604416;106
7911;7911;4;0.20535417048571;0.20535417048571;0.20535417048571;2.480104152113199;107
7917;7917;4;0.1611721514307;0.1611721514307;0.1611721514307;3.352579182089724;108
7919;7919;4;0.126449050317551;0.126449050317551;0.126449050317551;3.770511299194535;109
7921;7921;4;0.256712188907698;0.256712188907698;0.256712188907698;2.008137252400903;110
7925;7925;4;0.219752018580771;0.219752018580771;0.219752018580771;2.325681528164323;111
7926;7926;4;0.25866726903539;0.25866726903539;0.25866726903539;1.972807024654589;112
7930;7930;4;0.126707260433125;0.126707260433125;0.126707260433125;4.19315067382708;113
7939;7939;4;0.177762504283783;0.177762504283783;0.177762504283783;3.104197523721452;114
7940;7940;4;0.233139534733554;0.233139534733554;0.233139534733554;1.681085266808207;115
7943;7943;4;0.168027221068547;0.168027221068547;0.168027221068547;3.089131234974606;116
7947;7947;4;0.262090416397124;0.262090416397124;0.262090416397124;1.795453098885395;117
7948;7948;4;0.205389578783861;0.205389578783861;0.205389578783861;2.395648538816923;118
7949;7949;4;0.230951544383298;0.230951544383298;0.230951544383298;2.06134386119164;119
7951;7951;4;0.212493297294041;0.212493297294041;0.212493297294041;2.451618490536089;120
7952;7952;4;0.188989339680389;0.188989339680389;0.188989339680389;2.812263245184579;121
7961;7961;4;0.23843148594859;0.23843148594859;0.23843148594859;2.403728808386851;122
7963;7963;4;0.239515065377794;0.239515065377794;0.239515065377794;2.085724743707637;123
7964;7964;4;0.26575463012142;0.26575463012142;0.26575463012142;1.537735851305836;124
7968;7968;4;0.144069094071006;0.144069094071006;0.144069094071006;3.469624574273926;125
7970;7970;4;0.175121248683386;0.175121248683386;0.175121248683386;2.526315788776554;126
7971;7971;4;0.237407156012275;0.237407156012275;0.237407156012275;2.233939393774255;127
7973;7973;4;0.130592908619381;0.130592908619381;0.130592908619381;3.270081297168887;128
8367;8367;3;0.239955569932861;0.239955569932861;0.239955569932861;0.563386692128341;129
8452;8452;3;0.144156472152185;0.144156472152185;0.144156472152185;1.04419832971496;130
8681;8681;4;0.350544927945585;0.350544927945585;0.350544927945585;1.998794325065951;131
8689;8689;4;0.386214553251821;0.386214553251821;0.386214553251821;1.264586252885313;132
8698;8698;4;0.28369173146547;0.28369173146547;0.28369173146547;2.020764327732621;133
8705;8705;4;0.246246805464899;0.246246805464899;0.246246805464899;2.206108102282963;134
8716;8716;4;0.365014556868404;0.365014556868404;0.365014556868404;1.592745096075769;135
8731;8731;4;0.316474508302652;0.316474508302652;0.316474508302652;2.087990646885934;136
8734;8734;4;0.400962164284478;0.400962164284478;0.400962164284478;1.467668232783465;137
8750;8750;4;0.337509785710326;0.337509785710326;0.337509785710326;1.999824365983287;138
9140;9140;3;0.200334314867451;0.200334314867451;0.200334314867451;0.814322231750305;139
9216;9216;3;0.258300921083693;0.258300921083693;0.258300921083693;0.484122806040799;140
9392;9392;3;0.267116719454782;0.267116719454782;0.267116719454782;0.454132491745367;141
9429;9429;3;0.233194099114266;0.233194099114266;0.233194099114266;0.677026638332717;142
9728;9728;3;0.162561843915761;0.162561843915761;0.162561843915761;0.689076083676849;143
9855;9855;3;0.322105553403133;0.322105553403133;0.322105553403133;0.385055581355308;144
9980;9980;3;0.185272431259065;0.185272431259065;0.185272431259065;0.643469253688761;145
10531;10531;4;0.182551490473552;0.182551490473552;0.182551490473552;2.028412591668479;146
11228;11228;5;0.303162149125817;0.303162149125817;0.303162149125817;2.041908042732326;147
13618;13618;4;0.076433306545565;0.076433306545565;0.076433306545565;3.003468207311538;148
13629;13629;4;0.074098889271338;0.074098889271338;0.074098889271338;4.434645175933838;149
13653;13653;4;0.077127996324894;0.077127996324894;0.077127996324894;3.902544646390847;150
13654;13654;4;0.219577464416785;0.219577464416785;0.219577464416785;1.785217388330594;151
13669;13669;4;0.102224240554284;0.102224240554284;0.102224240554284;2.211237780240149;152
13704;13704;4;0.087465467819801;0.087465467819801;0.087465467819801;2.972653841972351;153
13711;13711;4;0.227285867518392;0.227285867518392;0.227285867518392;2.992965522305719;154
13796;13796;4;0.314565938435683;0.314565938435683;0.314565938435683;2.097628381739812;155
14815;14815;2;-0.008859928677565;-0.008859928677565;-0.008859928677565;2.87091503696504;156
15296;15296;2;-0.085032586162507;-0.085032586162507;-0.085032586162507;3.586147760128702;157
16929;16929;3;0.390098783368676;0.390098783368676;0.390098783368676;0.120270270253203;158
17276;17276;4;0.093998647655682;0.093998647655682;0.093998647655682;4.796049381479806;159
17636;17636;4;0.115744334105913;0.115744334105913;0.115744334105913;4.687917803248314;160
17876;17876;4;0.073603729894146;0.073603729894146;0.073603729894146;1.92994871934255;161
17884;17884;4;0.005099839040701;0.005099839040701;0.005099839040701;2.091480120406641;162
17894;17894;4;0.085789600379221;0.085789600379221;0.085789600379221;1.978426324110345;163
17906;17906;4;0.167726643406499;0.167726643406499;0.167726643406499;3.157037041805409;164
17922;17922;4;0.192418231903387;0.192418231903387;0.192418231903387;1.423487474463579;165
17925;17925;4;0.199602403853792;0.199602403853792;0.199602403853792;2.917510036483826;166
18076;18076;4;0.05301127631733;0.05301127631733;0.05301127631733;2.046279515745925;167
18517;18517;4;0.257533017952424;0.257533017952424;0.257533017952424;3.006062467011059;168
18518;18518;4;0.254700264288829;0.254700264288829;0.254700264288829;3.045907688140869;169
18535;18535;4;0.26856213978005;0.26856213978005;0.26856213978005;2.719969797890712;170
18555;18555;4;0.314761994730758;0.314761994730758;0.314761994730758;2.341238935436823;171
18562;18562;4;0.202083403455602;0.202083403455602;0.202083403455602;3.800597635054439;172
18569;18569;4;0.250786444990434;0.250786444990434;0.250786444990434;2.892971964194396;173
18570;18570;4;0.174959446950329;0.174959446950329;0.174959446950329;3.777273799501771;174
18579;18579;4;0.233397062169388;0.233397062169388;0.233397062169388;3.196354165673256;175
18591;18591;4;0.263874373554644;0.263874373554644;0.263874373554644;2.760180997093339;176
18620;18620;4;0.048781144152632;0.048781144152632;0.048781144152632;2.139961123605506;177
18683;18683;4;0.079989371202975;0.079989371202975;0.079989371202975;1.983517495527671;178
18754;18754;4;0.28469004785717;0.28469004785717;0.28469004785717;2.361803274840427;179
20599;20599;2;-0.128395291222219;-0.128395291222219;-0.128395291222219;3.850130994247037;180
20768;20768;2;-0.189908702811774;-0.189908702811774;-0.189908702811774;3.512658829969519;181
20771;20771;1;-0.193450663554466;-0.193450663554466;-0.193450663554466;3.687627109430604;182
20781;20781;1;-0.181478681053434;-0.181478681053434;-0.181478681053434;4.792571450642178;183
20795;20795;1;-0.221981412503454;-0.221981412503454;-0.221981412503454;4.611444449424744;184
20805;20805;1;-0.158047367462221;-0.158047367462221;-0.158047367462221;4.73117283170606;185
20814;20814;1;-0.182680168239299;-0.182680168239299;-0.182680168239299;4.510059896343482;186
20821;20821;1;-0.201123179205312;-0.201123179205312;-0.201123179205312;4.040268437574374;187
23907;23907;2;-0.103742546647258;-0.103742546647258;-0.103742546647258;3.548179633921399;188
23932;23932;2;-0.052210083172119;-0.052210083172119;-0.052210083172119;3.25568965167321;189
24006;24006;2;-0.073749673944092;-0.073749673944092;-0.073749673944092;3.117547802903655;190
26484;26484;2;-0.159586116029022;-0.159586116029022;-0.159586116029022;3.066201555636502;191
26511;26511;2;-0.097126621602764;-0.097126621602764;-0.097126621602764;3.158755758390998;192
26536;26536;2;-0.167582575711301;-0.167582575711301;-0.167582575711301;3.552620819288559;193
26584;26584;2;-0.075575621754101;-0.075575621754101;-0.075575621754101;2.667650725142624;194
27306;27306;1;-0.202832458496236;-0.202832458496236;-0.202832458496236;3.793492830541145;195
27365;27365;1;-0.107972697468295;-0.107972697468295;-0.107972697468295;2.585422394552025;196
27369;27369;1;-0.115767497972967;-0.115767497972967;-0.115767497972967;3.50109589988964;197
29094;29094;4;0.335575734928489;0.335575734928489;0.335575734928489;1.311509765627259;198
29106;29106;4;0.165782186113022;0.165782186113022;0.165782186113022;3.240000007770679;199
29211;29211;4;0.188612486216134;0.188612486216134;0.188612486216134;2.104798464880338;200
29251;29251;4;0.222307011794597;0.222307011794597;0.222307011794597;1.927375887483811;201
29609;29609;2;-0.223055162512616;-0.223055162512616;-0.223055162512616;3.89610248063662;202
32837;32837;3;0.337803694392177;0.337803694392177;0.337803694392177;0.193397724582792;203
35272;35272;3;0.416419954917106;0.416419954917106;0.416419954917106;0.130224105092807;204
36733;36733;2;0.258060925081372;0.258060925081372;0.258060925081372;3.1261666705211;205
36742;36742;2;0.615025974237002;0.615025974237002;0.615025974237002;1.251648351713851;206
36770;36770;2;0.592569632656299;0.592569632656299;0.592569632656299;0.680871796607971;207
37043;37043;3;0.435128072912855;0.435128072912855;0.435128072912855;0.096870716002619;208
37354;37354;3;0.436263635378377;0.436263635378377;0.436263635378377;0.140974025985375;209
38279;38279;2;-0.071925333856038;-0.071925333856038;-0.071925333856038;3.324635760673624;210
38290;38290;2;-0.093990964674064;-0.093990964674064;-0.093990964674064;3.468918919563293;211
38321;38321;2;-0.041800852705974;-0.041800852705974;-0.041800852705974;2.950853654524175;212
38372;38372;2;-0.079865354001821;-0.079865354001821;-0.079865354001821;3.194626658426992;213
38407;38407;2;-0.09238333558102;-0.09238333558102;-0.09238333558102;2.971190480012742;214
39886;39886;2;-0.141274456728371;-0.141274456728371;-0.141274456728371;3.757192988144724;215
40042;40042;2;-0.209062915124938;-0.209062915124938;-0.209062915124938;3.770220192798449;216
40092;40092;2;-0.103570940088606;-0.103570940088606;-0.103570940088606;3.004688424715066;217
41069;41069;3;0.264228866992272;0.264228866992272;0.264228866992272;0.592940392066321;218
41133;41133;3;0.339861809194366;0.339861809194366;0.339861809194366;0.375881395916642;219
41369;41369;3;0.026122668938193;0.026122668938193;0.026122668938193;1.328559074014082;220
41373;41373;3;0.419265570810567;0.419265570810567;0.419265570810567;0.270020814590534;221
41414;41414;3;0.05761821693563;0.05761821693563;0.05761821693563;1.123382819419448;222
41470;41470;3;0.18056776633916;0.18056776633916;0.18056776633916;1.052923074331912;223
41487;41487;3;0.172473271571548;0.172473271571548;0.172473271571548;0.899039143876505;224
41499;41499;3;0.420221310993657;0.420221310993657;0.420221310993657;0.200631247449201;225
41506;41506;3;0.23174063342281;0.23174063342281;0.23174063342281;0.796909870438608;226
41752;41752;3;0.152034467254439;0.152034467254439;0.152034467254439;0.968692362984292;227
41906;41906;3;0.246392519441021;0.246392519441021;0.246392519441021;0.471838813062866;228
41957;41957;3;0.319787269031852;0.319787269031852;0.319787269031852;0.243745907214083;229
42380;42380;3;0.280787996818202;0.280787996818202;0.280787996818202;0.408546229061879;230
43333;43333;3;0.343062182263655;0.343062182263655;0.343062182263655;0.262317041785117;231
43372;43372;3;0.235928120252542;0.235928120252542;0.235928120252542;0.490089627714987;232
43408;43408;3;0.283944357607713;0.283944357607713;0.283944357607713;0.425729493097015;233
43470;43470;3;0.156104703149173;0.156104703149173;0.156104703149173;0.955785338147616;234
43494;43494;3;0.340260523041158;0.340260523041158;0.340260523041158;0.283307903054914;235
43565;43565;3;0.348939468802399;0.348939468802399;0.348939468802399;0.25342436927222;236
43750;43750;3;0.211727217788108;0.211727217788108;0.211727217788108;0.621207696280004;237
43769;43769;3;0.358524054052136;0.358524054052136;0.358524054052136;0.189356827773646;238
43777;43777;3;0.329190915541305;0.329190915541305;0.329190915541305;0.334899817186826;239
43779;43779;3;0.298454917161007;0.298454917161007;0.298454917161007;0.353288589176666;240
43784;43784;3;0.265879762585013;0.265879762585013;0.265879762585013;0.797362456881836;241
43819;43819;3;0.29979663508861;0.29979663508861;0.29979663508861;0.523004645640372;242
43846;43846;3;0.340205026255485;0.340205026255485;0.340205026255485;0.313829786322535;243
43947;43947;3;0.233486458245993;0.233486458245993;0.233486458245993;0.607312875455563;244
44008;44008;3;0.272612508930503;0.272612508930503;0.272612508930503;0.530628452086512;245
44490;44490;3;0.133839046868293;0.133839046868293;0.133839046868293;1.024432174931941;246
44617;44617;3;0.129364408074958;0.129364408074958;0.129364408074958;0.981062202824489;247
44965;44965;3;0.424006119942546;0.424006119942546;0.424006119942546;0.124422613003682;248
45197;45197;3;0.042057724835144;0.042057724835144;0.042057724835144;1.137284719447295;249
45287;45287;3;0.140933588068842;0.140933588068842;0.140933588068842;1.022133506146986;250
45381;45381;3;0.279826346998177;0.279826346998177;0.279826346998177;0.288869122550078;251
45625;45625;3;0.344167835108699;0.344167835108699;0.344167835108699;0.227140487445965;252
46252;46252;5;0.481882890371176;0.481882890371176;0.481882890371176;1.419692304730415;253
46279;46279;5;0.467041130193462;0.467041130193462;0.467041130193462;1.013220334772841;254
46287;46287;5;0.439844904467463;0.439844904467463;0.439844904467463;0.868124998523854;255
46423;46423;3;0.325225810266166;0.325225810266166;0.325225810266166;0.297988534843381;256
46969;46969;2;-0.120402538713496;-0.120402538713496;-0.120402538713496;3.440306454223971;257
46981;46981;3;0.336608232879516;0.336608232879516;0.336608232879516;0.455946941513434;258
47100;47100;2;-0.106042455161819;-0.106042455161819;-0.106042455161819;3.577295084414369;259
47196;47196;2;-0.040967008968822;-0.040967008968822;-0.040967008968822;2.823186684165075;260
47402;47402;3;0.147308984325593;0.147308984325593;0.147308984325593;0.897058512155373;261
47438;47438;3;0.372999752489642;0.372999752489642;0.372999752489642;0.106002621010903;262
47625;47625;3;0.152199235807083;0.152199235807083;0.152199235807083;0.970420167314848;263
47705;47705;3;0.31507158007272;0.31507158007272;0.31507158007272;0.204031935585533;264
47731;47731;3;0.198465218336708;0.198465218336708;0.198465218336708;0.774795918788786;265
47807;47807;2;-0.06146602782402;-0.06146602782402;-0.06146602782402;3.046954101332371;266
47819;47819;3;0.389076351952378;0.389076351952378;0.389076351952378;0.170047433907909;267
47993;47993;3;0.271918352625072;0.271918352625072;0.271918352625072;0.365441526711249;268
50190;50190;3;0.430948883608665;0.430948883608665;0.430948883608665;0.142439420671719;269
50550;50550;3;0.461466577230901;0.461466577230901;0.461466577230901;0.074748638937124;270
50635;50635;3;0.340651061378381;0.340651061378381;0.340651061378381;0.159501000916887;271
50764;50764;2;-0.081871452271642;-0.081871452271642;-0.081871452271642;3.761105360762443;272
53494;53494;1;-0.261803002413129;-0.261803002413129;-0.261803002413129;3.464369587306224;273
53516;53516;1;-0.22320111232346;-0.22320111232346;-0.22320111232346;3.431522634294298;274
53558;53558;1;-0.254976458956822;-0.254976458956822;-0.254976458956822;4.181075779907861;275
53576;53576;1;-0.258455967156823;-0.258455967156823;-0.258455967156823;3.745632376678878;276
53631;53631;1;-0.26379235992756;-0.26379235992756;-0.26379235992756;4.164264697362395;277
53673;53673;1;-0.233319095076238;-0.233319095076238;-0.233319095076238;3.127806686557359;278
53683;53683;1;-0.23343163628482;-0.23343163628482;-0.23343163628482;3.798295955486896;279
55574;55574;1;-0.201290176803125;-0.201290176803125;-0.201290176803125;2.884827598301387;280
55581;55581;1;-0.199192648675914;-0.199192648675914;-0.199192648675914;3.350677083556851;281
55631;55631;1;-0.148007303984328;-0.148007303984328;-0.148007303984328;2.907878781809951;282
55633;55633;1;-0.126327527953046;-0.126327527953046;-0.126327527953046;2.653056486302436;283
55728;55728;1;-0.223757765332566;-0.223757765332566;-0.223757765332566;3.438176474851721;284
55784;55784;1;-0.232663752615526;-0.232663752615526;-0.232663752615526;3.063636361290776;285
55789;55789;1;-0.26700816909363;-0.26700816909363;-0.26700816909363;3.613736273168207;286
55834;55834;3;0.097691931691155;0.097691931691155;0.097691931691155;1.121326395867963;287
55867;55867;1;-0.172568648225731;-0.172568648225731;-0.172568648225731;3.604111120435927;288
55879;55879;1;-0.171477357838668;-0.171477357838668;-0.171477357838668;3.84143790388419;289
55911;55911;1;-0.199595666905015;-0.199595666905015;-0.199595666905015;4.12398842855685;290
55916;55916;1;-0.298235197231841;-0.298235197231841;-0.298235197231841;3.993582072542674;291
55933;55933;1;-0.288599530362194;-0.288599530362194;-0.288599530362194;3.892608702552985;292
55942;55942;1;-0.238083362909261;-0.238083362909261;-0.238083362909261;3.274366537436642;293
55986;55986;3;0.369452605543247;0.369452605543247;0.369452605543247;0.224077669723313;294
56019;56019;3;0.096143939696982;0.096143939696982;0.096143939696982;1.072937165669645;295
56051;56051;1;-0.274761082407306;-0.274761082407306;-0.274761082407306;4.006420156334628;296
56055;56055;5;0.615205559653309;0.615205559653309;0.615205559653309;1.047449391561481;297
56063;56063;5;0.547642974098723;0.547642974098723;0.547642974098723;0.818592964329911;298
56099;56099;3;0.208880131745506;0.208880131745506;0.208880131745506;0.649934710542569;299
56117;56117;1;-0.195141185882191;-0.195141185882191;-0.195141185882191;2.788666673501333;300
56119;56119;1;-0.166658747602593;-0.166658747602593;-0.166658747602593;3.534285717196279;301
56133;56133;1;-0.190310184374328;-0.190310184374328;-0.190310184374328;3.159338832886751;302
56196;56196;1;-0.153342073004354;-0.153342073004354;-0.153342073004354;3.50136363289573;303
56208;56208;1;-0.276497491791442;-0.276497491791442;-0.276497491791442;3.167783769401344;304
56229;56229;1;-0.243383868901741;-0.243383868901741;-0.243383868901741;3.767920795053539;305
56231;56231;1;-0.240417346256237;-0.240417346256237;-0.240417346256237;4.121917782581016;306
56251;56251;1;-0.250545865561797;-0.250545865561797;-0.250545865561797;3.034632031535689;307
56380;56380;3;0.380297549060018;0.380297549060018;0.380297549060018;0.150976395690588;308
56504;56504;3;0.297022106307504;0.297022106307504;0.297022106307504;0.315210791782776;309
56601;56601;3;0.263143209142905;0.263143209142905;0.263143209142905;0.561531544831779;310
56609;56609;3;0.237257593666616;0.237257593666616;0.237257593666616;0.464226802326696;311
56851;56851;4;0.055099463216061;0.055099463216061;0.055099463216061;3.947430416118142;312
57060;57060;4;0.052961689035852;0.052961689035852;0.052961689035852;3.979369737570197;313
57335;57335;1;-0.268951206751492;-0.268951206751492;-0.268951206751492;3.088115946106289;314
57370;57370;1;-0.257559904565362;-0.257559904565362;-0.257559904565362;3.23884816444357;315
57386;57386;1;-0.293589954427513;-0.293589954427513;-0.293589954427513;3.92682490079976;316
57391;57391;1;-0.236259095497051;-0.236259095497051;-0.236259095497051;3.109322022583525;317
57393;57393;1;-0.282650659999293;-0.282650659999293;-0.282650659999293;3.707655309436316;318
57414;57414;1;-0.305009050103885;-0.305009050103885;-0.305009050103885;3.18243815452387;319
57438;57438;1;-0.298003106624231;-0.298003106624231;-0.298003106624231;4.094137908398421;320
57441;57441;1;-0.265537689202023;-0.265537689202023;-0.265537689202023;4.268467120010487;321
57447;57447;1;-0.249609753352786;-0.249609753352786;-0.249609753352786;3.52758410290476;322
57463;57463;1;-0.266618557526904;-0.266618557526904;-0.266618557526904;3.240720342781584;323
57482;57482;1;-0.258388519603759;-0.258388519603759;-0.258388519603759;3.841600006520748;324
57487;57487;1;-0.297304344745384;-0.297304344745384;-0.297304344745384;3.695712379069631;325
57704;57704;1;-0.242229228050626;-0.242229228050626;-0.242229228050626;3.0445106384602;326
57708;57708;1;-0.26760954819095;-0.26760954819095;-0.26760954819095;3.407511735745999;327
57717;57717;1;-0.273107000558478;-0.273107000558478;-0.273107000558478;3.716890240587839;328
57718;57718;1;-0.382022078439072;-0.382022078439072;-0.382022078439072;3.94241523894213;329
57720;57720;1;-0.187889036177446;-0.187889036177446;-0.187889036177446;3.783106020905755;330
57721;57721;1;-0.238588799515042;-0.238588799515042;-0.238588799515042;3.235071088465469;331
57752;57752;1;-0.370151962711118;-0.370151962711118;-0.370151962711118;3.815397909768313;332
57754;57754;1;-0.185390563697507;-0.185390563697507;-0.185390563697507;3.342937854723742;333
57769;57769;1;-0.203113018622479;-0.203113018622479;-0.203113018622479;3.600800003638634;334
57906;57906;4;0.069469581023582;0.069469581023582;0.069469581023582;2.833009715219146;335
57911;57911;1;-0.149987169851859;-0.149987169851859;-0.149987169851859;3.80326530641439;336
57954;57954;4;0.065474375567454;0.065474375567454;0.065474375567454;2.996470585290123;337
57977;57977;4;0.158461779892473;0.158461779892473;0.158461779892473;1.798583866013252;338
57987;57987;4;0.089608267941006;0.089608267941006;0.089608267941006;2.847955804722963;339
58407;58407;1;-0.24879090618574;-0.24879090618574;-0.24879090618574;3.625020753298557;340
58414;58414;1;-0.254156997076411;-0.254156997076411;-0.254156997076411;4.014565194862478;341
58446;58446;1;-0.278687308906619;-0.278687308906619;-0.278687308906619;3.955910448885676;342
58564;58564;3;0.225452996933224;0.225452996933224;0.225452996933224;0.866679661334181;343
58605;58605;1;-0.246458310800275;-0.246458310800275;-0.246458310800275;3.511514308896833;344
58654;58654;3;0.246140116794095;0.246140116794095;0.246140116794095;0.463106372648733;345
58718;58718;3;0.319096781747186;0.319096781747186;0.319096781747186;0.363691018830526;346
58727;58727;3;0.355308532052011;0.355308532052011;0.355308532052011;0.255157656875347;347
59024;59024;3;0.222096920277228;0.222096920277228;0.222096920277228;0.650133969602688;348
59044;59044;1;-0.302809363202474;-0.302809363202474;-0.302809363202474;4.408122785257476;349
59176;59176;1;-0.258623850771633;-0.258623850771633;-0.258623850771633;3.811067034119134;350
59269;59269;3;0.455370538531189;0.455370538531189;0.455370538531189;0.07713834157397;351
59373;59373;3;0.413685815075452;0.413685815075452;0.413685815075452;0.083536449543568;352
59896;59896;3;0.458575940225035;0.458575940225035;0.458575940225035;0.027517686856688;353
60064;60064;4;0.301220946823179;0.301220946823179;0.301220946823179;1.311439044862357;354
60073;60073;4;0.309523432254747;0.309523432254747;0.309523432254747;1.243765540240148;355
60872;60872;1;-0.239045515912721;-0.239045515912721;-0.239045515912721;3.978624259551418;356
60977;60977;1;-0.2712277614897;-0.2712277614897;-0.2712277614897;3.791096191171565;357
61015;61015;1;-0.290388399074626;-0.290388399074626;-0.290388399074626;3.693751844721369;358
61016;61016;1;-0.295310540907625;-0.295310540907625;-0.295310540907625;3.833362329178962;359
61081;61081;1;-0.247795932061637;-0.247795932061637;-0.247795932061637;2.943426863328734;360
61127;61127;1;-0.356257839563667;-0.356257839563667;-0.356257839563667;3.664565215940061;361
61152;61152;1;-0.22064966217567;-0.22064966217567;-0.22064966217567;2.727977257448905;362
61197;61197;1;-0.219150891914943;-0.219150891914943;-0.219150891914943;3.935206588634775;363
61212;61212;1;-0.265291637916833;-0.265291637916833;-0.265291637916833;2.976131042712564;364
61227;61227;1;-0.216562102059292;-0.216562102059292;-0.216562102059292;3.714093011479045;365
61236;61236;1;-0.206065523608355;-0.206065523608355;-0.206065523608355;3.605123831205751;366
61247;61247;1;-0.285733238589473;-0.285733238589473;-0.285733238589473;3.65712737778661;367
61304;61304;1;-0.251118003373658;-0.251118003373658;-0.251118003373658;2.884276982965877;368
62020;62020;3;0.378038533661506;0.378038533661506;0.378038533661506;0.331958041820536;369
62122;62122;1;-0.233073889125477;-0.233073889125477;-0.233073889125477;4.077494943503179;370
62203;62203;1;-0.395088120207299;-0.395088120207299;-0.395088120207299;4.212944034242282;371
62266;62266;1;-0.172504180083323;-0.172504180083323;-0.172504180083323;2.912488789234995;372
62299;62299;1;-0.335823249622309;-0.335823249622309;-0.335823249622309;4.370824739695415;373
62319;62319;1;-0.236745744095379;-0.236745744095379;-0.236745744095379;3.297502120876069;374
62321;62321;1;-0.19252974904066;-0.19252974904066;-0.19252974904066;2.93410831634718;375
62322;62322;1;-0.195897358087511;-0.195897358087511;-0.195897358087511;2.973069901886682;376
62333;62333;1;-0.181741512811566;-0.181741512811566;-0.181741512811566;3.626962811986277;377
62402;62402;1;-0.292571243773467;-0.292571243773467;-0.292571243773467;3.850506078135147;378
63317;63317;4;0.194893071425495;0.194893071425495;0.194893071425495;2.774195671238088;379
63365;63365;3;0.276323789263146;0.276323789263146;0.276323789263146;0.475363707927753;380
63396;63396;4;0.146248214505613;0.146248214505613;0.146248214505613;3.654142857449395;381
63405;63405;4;0.141585159520204;0.141585159520204;0.141585159520204;3.478010475947595;382
63407;63407;4;0.213590240321144;0.213590240321144;0.213590240321144;2.909174922800431;383
63411;63411;4;0.206354177657952;0.206354177657952;0.206354177657952;2.445378899839977;384
63445;63445;1;-0.179938595182346;-0.179938595182346;-0.179938595182346;3.049559936899697;385
63468;63468;1;-0.108704113889604;-0.108704113889604;-0.108704113889604;3.425708422181053;386
63492;63492;1;-0.256532187351418;-0.256532187351418;-0.256532187351418;3.939187808085214;387
63502;63502;4;0.10220591228905;0.10220591228905;0.10220591228905;2.083034186366616;388
63508;63508;1;-0.251960347568907;-0.251960347568907;-0.251960347568907;4.204220170274787;389
63516;63516;4;0.217808912405344;0.217808912405344;0.217808912405344;2.40177913330084;390
63534;63534;1;-0.225161560686531;-0.225161560686531;-0.225161560686531;3.087452235495209;391
63542;63542;4;0.327917381324233;0.327917381324233;0.327917381324233;2.109074448323064;392
63581;63581;1;-0.230034477080439;-0.230034477080439;-0.230034477080439;2.965436897617328;393
63619;63619;4;0.338787552053514;0.338787552053514;0.338787552053514;2.016939129103785;394
63627;63627;1;-0.164551124521157;-0.164551124521157;-0.164551124521157;3.251149678437157;395
63645;63645;4;0.235771809288052;0.235771809288052;0.235771809288052;1.120153962326931;396
63654;63654;4;0.326382082727613;0.326382082727613;0.326382082727613;1.205195873791409;397
63664;63664;4;0.322795035467366;0.322795035467366;0.322795035467366;2.138669307205859;398
63691;63691;1;-0.241090815734653;-0.241090815734653;-0.241090815734653;3.554371184187629;399
63703;63703;4;0.215348538515438;0.215348538515438;0.215348538515438;2.253725827368785;400
63719;63719;4;0.240441245721645;0.240441245721645;0.240441245721645;1.448749195695918;401
63733;63733;4;0.166492363920918;0.166492363920918;0.166492363920918;1.357451849160371;402
63738;63738;1;-0.344611495888806;-0.344611495888806;-0.344611495888806;3.889060525157507;403
63746;63746;1;-0.237233588639756;-0.237233588639756;-0.237233588639756;2.921754387387058;404
63757;63757;4;0.221349581766987;0.221349581766987;0.221349581766987;1.934541479208584;405
63771;63771;4;0.174213068639341;0.174213068639341;0.174213068639341;2.503291147796414;406
63777;63777;1;-0.24168964035457;-0.24168964035457;-0.24168964035457;3.678151613455324;407
63782;63782;1;-0.198953078092168;-0.198953078092168;-0.198953078092168;3.215972539489275;408
63791;63791;4;0.222983429841983;0.222983429841983;0.222983429841983;1.488951402247104;409
63798;63798;1;-0.192905041405602;-0.192905041405602;-0.192905041405602;3.613294119694654;410
63824;63824;1;-0.222708840472427;-0.222708840472427;-0.222708840472427;2.943521123536875;411
63958;63958;4;0.296152952404314;0.296152952404314;0.296152952404314;2.492823780321181;412
63985;63985;1;-0.215207574684774;-0.215207574684774;-0.215207574684774;3.176580650575699;413
64043;64043;1;-0.200316943087135;-0.200316943087135;-0.200316943087135;4.072727264779987;414
64064;64064;4;0.255864451691365;0.255864451691365;0.255864451691365;1.923363814608557;415
64068;64068;4;0.335786229624212;0.335786229624212;0.335786229624212;1.987696103452532;416
64081;64081;4;0.317993826503214;0.317993826503214;0.317993826503214;1.261418418738656;417
64098;64098;1;-0.279062363425126;-0.279062363425126;-0.279062363425126;3.599938461597149;418
64118;64118;1;-0.192268660570093;-0.192268660570093;-0.192268660570093;3.333537830165559;419
64120;64120;4;0.153673991980687;0.153673991980687;0.153673991980687;3.035023475476834;420
64129;64129;1;-0.227621886419923;-0.227621886419923;-0.227621886419923;3.889041062903731;421
64133;64133;1;-0.23975622854757;-0.23975622854757;-0.23975622854757;3.129645388177101;422
64140;64140;1;-0.227952890589342;-0.227952890589342;-0.227952890589342;4.21785714338114;423
64151;64151;1;-0.230228473665794;-0.230228473665794;-0.230228473665794;3.354470283178088;424
64154;64154;4;0.160089186516267;0.160089186516267;0.160089186516267;2.97591837814876;425
64161;64161;1;-0.195774996334303;-0.195774996334303;-0.195774996334303;3.231750975323095;426
64167;64167;1;-0.192473538599449;-0.192473538599449;-0.192473538599449;3.859410162905266;427
64169;64169;4;0.089575739041549;0.089575739041549;0.089575739041549;2.950845986798632;428
64189;64189;4;0.152035221286775;0.152035221286775;0.152035221286775;2.633921117627704;429
64199;64199;4;0.203440069822975;0.203440069822975;0.203440069822975;3.05756905790192;430
64203;64203;4;0.076169807535233;0.076169807535233;0.076169807535233;2.868606361511187;431
64206;64206;1;-0.223068637906197;-0.223068637906197;-0.223068637906197;3.884716616252223;432
64210;64210;4;0.265478582802451;0.265478582802451;0.265478582802451;1.342094243092895;433
64231;64231;4;0.347031057418899;0.347031057418899;0.347031057418899;1.400938626876377;434
64233;64233;1;-0.145261719288346;-0.145261719288346;-0.145261719288346;2.530546632227024;435
64243;64243;4;0.267661150806464;0.267661150806464;0.267661150806464;2.003292973047307;436
64246;64246;4;0.231624888610982;0.231624888610982;0.231624888610982;2.226666668341273;437
64250;64250;2;-0.161205019623146;-0.161205019623146;-0.161205019623146;3.489644491574714;438
64260;64260;4;0.178994774845772;0.178994774845772;0.178994774845772;2.958854629779877;439
64270;64270;1;-0.145175330042427;-0.145175330042427;-0.145175330042427;3.538232055158246;440
64274;64274;1;-0.251374786676362;-0.251374786676362;-0.251374786676362;4.160856778647937;441
64277;64277;1;-0.183819047109853;-0.183819047109853;-0.183819047109853;3.184482228258478;442
64280;64280;4;0.176321514634049;0.176321514634049;0.176321514634049;2.842377060260929;443
64283;64283;1;-0.231319021358586;-0.231319021358586;-0.231319021358586;3.237181218678519;444
64284;64284;4;0.213749429345111;0.213749429345111;0.213749429345111;2.292984299634764;445
64289;64289;1;-0.184098903697146;-0.184098903697146;-0.184098903697146;3.083913036014723;446
64290;64290;1;-0.094044239197018;-0.094044239197018;-0.094044239197018;3.179382712752731;447
64295;64295;4;0.241623052287587;0.241623052287587;0.241623052287587;2.182790695234786;448
64300;64300;4;0.359653667060297;0.359653667060297;0.359653667060297;1.479701492323804;449
64322;64322;1;-0.228999510407448;-0.228999510407448;-0.228999510407448;3.551194553082307;450
64323;64323;1;-0.035883525617864;-0.035883525617864;-0.035883525617864;2.567682920432672;451
64327;64327;4;0.332089638413347;0.332089638413347;0.332089638413347;1.443529410869288;452
64328;64328;4;0.235763586821064;0.235763586821064;0.235763586821064;2.093253955008492;453
64341;64341;4;0.291799541217939;0.291799541217939;0.291799541217939;1.932771520086715;454
64342;64342;4;0.211861200397834;0.211861200397834;0.211861200397834;2.313125014305115;455
64345;64345;4;0.356339840855646;0.356339840855646;0.356339840855646;1.732763155510551;456
64347;64347;4;0.247587827856902;0.247587827856902;0.247587827856902;1.897120621417747;457
64349;64349;4;0.226081392086974;0.226081392086974;0.226081392086974;2.487339449858447;458
64354;64354;1;-0.190507124040438;-0.190507124040438;-0.190507124040438;2.798782609856647;459
64356;64356;1;-0.272427374555903;-0.272427374555903;-0.272427374555903;3.375824169143216;460
64357;64357;4;0.316461266028254;0.316461266028254;0.316461266028254;1.330842101260235;461
64358;64358;4;0.23430673885223;0.23430673885223;0.23430673885223;2.135753420934285;462
64360;64360;4;0.297731348133962;0.297731348133962;0.297731348133962;1.663669725076868;463
64361;64361;4;0.330352464253722;0.330352464253722;0.330352464253722;1.386064978928342;464
64367;64367;4;0.239652128113722;0.239652128113722;0.239652128113722;2.052336045360034;465
64369;64369;1;-0.30349529023264;-0.30349529023264;-0.30349529023264;4.077843123791265;466
64374;64374;4;0.28064344799857;0.28064344799857;0.28064344799857;1.462082022184077;467
64376;64376;4;0.252303320954564;0.252303320954564;0.252303320954564;1.959892464581356;468
64379;64379;4;0.336712859710243;0.336712859710243;0.336712859710243;1.292710276686142;469
64381;64381;1;-0.256602206243762;-0.256602206243762;-0.256602206243762;3.832249624808745;470
64382;64382;4;0.270563942697931;0.270563942697931;0.270563942697931;1.999125352406293;471
64385;64385;4;0.359068081148115;0.359068081148115;0.359068081148115;1.100294114327898;472
64386;64386;4;0.376959097330217;0.376959097330217;0.376959097330217;1.481234572551869;473
64398;64398;4;0.156565866980547;0.156565866980547;0.156565866980547;2.935432663969041;474
64401;64401;1;-0.350272880388158;-0.350272880388158;-0.350272880388158;4.062821434651102;475
64405;64405;4;0.374767149944563;0.374767149944563;0.374767149944563;1.059675671281041;476
64412;64412;4;0.278263071513906;0.278263071513906;0.278263071513906;2.113061217020969;477
64415;64415;1;-0.25542371575649;-0.25542371575649;-0.25542371575649;3.977292306606586;478
64419;64419;4;0.298889987656415;0.298889987656415;0.298889987656415;1.237694992556977;479
64422;64422;4;0.135682698811444;0.135682698811444;0.135682698811444;4.357605631922333;480
64428;64428;4;0.173962968908585;0.173962968908585;0.173962968908585;3.046674503562874;481
64456;64456;4;0.27639512673098;0.27639512673098;0.27639512673098;1.177031247876585;482
64458;64458;1;-0.211237121799829;-0.211237121799829;-0.211237121799829;3.429111625719179;483
64468;64468;4;0.221838349305776;0.221838349305776;0.221838349305776;2.611673317345015;484
64478;64478;4;0.276845318881365;0.276845318881365;0.276845318881365;1.7073846078836;485
64482;64482;4;0.33820951431258;0.33820951431258;0.33820951431258;1.918396070819049;486
64487;64487;4;0.279221273885206;0.279221273885206;0.279221273885206;1.140433921381331;487
64496;64496;4;0.293741326197051;0.293741326197051;0.293741326197051;1.21600446251354;488
64511;64511;4;0.375459848707168;0.375459848707168;0.375459848707168;0.995981087357722;489
64521;64521;4;0.307226748060469;0.307226748060469;0.307226748060469;1.897247704344058;490
64525;64525;4;0.378390215624688;0.378390215624688;0.378390215624688;1.013234420593839;491
64573;64573;4;0.120921871935328;0.120921871935328;0.120921871935328;4.170980374018353;492
65236;65236;1;-0.215775448558384;-0.215775448558384;-0.215775448558384;3.431173179402698;493
65260;65260;1;-0.105737040299381;-0.105737040299381;-0.105737040299381;2.661057264794337;494
65298;65298;1;-0.28022162033699;-0.28022162033699;-0.28022162033699;4.033530736838495;495
65322;65322;1;-0.272675840391053;-0.272675840391053;-0.272675840391053;3.883650800538442;496
65326;65326;1;-0.249143304960402;-0.249143304960402;-0.249143304960402;3.400053052750443;497
65360;65360;1;-0.20675991563236;-0.20675991563236;-0.20675991563236;3.476832584018621;498
65378;65378;1;-0.267775668933683;-0.267775668933683;-0.267775668933683;3.471632663084536;499
65393;65393;1;-0.255001838588214;-0.255001838588214;-0.255001838588214;3.031093748286366;500
65413;65413;1;-0.21570166287212;-0.21570166287212;-0.21570166287212;3.527428578478949;501
65415;65415;1;-0.100110666747587;-0.100110666747587;-0.100110666747587;3.114003352184391;502
65441;65441;1;-0.140824721229396;-0.140824721229396;-0.140824721229396;2.539028562477657;503
65445;65445;1;-0.282599477712157;-0.282599477712157;-0.282599477712157;3.745320202681818;504
65448;65448;3;0.28045646488592;0.28045646488592;0.28045646488592;0.616968540245715;505
65451;65451;1;-0.246418530111267;-0.246418530111267;-0.246418530111267;3.421366112479747;506
65467;65467;3;0.191329305113667;0.191329305113667;0.191329305113667;1.161148031132459;507
65471;65471;1;-0.114799315397535;-0.114799315397535;-0.114799315397535;2.999633507890851;508
65476;65476;1;-0.222922384763512;-0.222922384763512;-0.222922384763512;3.956501641289236;509
65480;65480;1;-0.247718007309942;-0.247718007309942;-0.247718007309942;3.595761582551413;510
65481;65481;1;-0.230606660382169;-0.230606660382169;-0.230606660382169;3.985299119582543;511
65486;65486;1;-0.167863469401148;-0.167863469401148;-0.167863469401148;3.266635515979517;512
65494;65494;1;-0.271420731947854;-0.271420731947854;-0.271420731947854;4.184482747110827;513
65497;65497;1;-0.259440372914377;-0.259440372914377;-0.259440372914377;3.507171712740503;514
65500;65500;1;-0.149464420453746;-0.149464420453746;-0.149464420453746;3.321524244533125;515
65544;65544;3;0.096118523157364;0.096118523157364;0.096118523157364;1.174783819597968;516
65563;65563;3;0.027382462393589;0.027382462393589;0.027382462393589;1.218256224782017;517
65566;65566;3;0.257815118693791;0.257815118693791;0.257815118693791;1.04212041546381;518
65567;65567;3;0.255545797988732;0.255545797988732;0.255545797988732;0.602070843420253;519
65580;65580;3;0.388959030508995;0.388959030508995;0.388959030508995;0.630105262618316;520
68770;68770;4;0.308495824672396;0.308495824672396;0.308495824672396;1.463822627468576;521
69581;69581;1;-0.259960504294616;-0.259960504294616;-0.259960504294616;3.846600976483575;522
69603;69603;4;0.161775854715778;0.161775854715778;0.161775854715778;2.610839169550609;523
69605;69605;4;0.222832165871348;0.222832165871348;0.222832165871348;3.073714289211091;524
69611;69611;4;0.198660434337047;0.198660434337047;0.198660434337047;2.999576723764813;525
69621;69621;4;0.106460743782397;0.106460743782397;0.106460743782397;2.613463799314256;526
69709;69709;1;-0.193243969997891;-0.193243969997891;-0.193243969997891;3.806066716151981;527
69732;69732;1;-0.210332338647027;-0.210332338647027;-0.210332338647027;3.986182518866392;528
69735;69735;1;-0.24542635306716;-0.24542635306716;-0.24542635306716;3.718557698222307;529
69737;69737;1;-0.251260369500487;-0.251260369500487;-0.251260369500487;4.70560554897084;530
69739;69739;4;0.18858816856623;0.18858816856623;0.18858816856623;1.835112354058898;531
69744;69744;1;-0.245473887309555;-0.245473887309555;-0.245473887309555;3.779586775243775;532
69776;69776;1;-0.285219366831726;-0.285219366831726;-0.285219366831726;4.207999993263559;533
69794;69794;4;0.191002257496174;0.191002257496174;0.191002257496174;1.846367037474886;534
69796;69796;4;0.334470367665032;0.334470367665032;0.334470367665032;1.269196785477749;535
69818;69818;4;0.311426756854327;0.311426756854327;0.311426756854327;1.548301887062361;536
69819;69819;4;0.30356877982528;0.30356877982528;0.30356877982528;1.571454005708327;537
69902;69902;3;0.067602204841262;0.067602204841262;0.067602204841262;1.136966792462777;538
70397;70397;4;0.158152945722306;0.158152945722306;0.158152945722306;1.419201140992141;539
70400;70400;4;0.240899260775004;0.240899260775004;0.240899260775004;1.045670390836686;540
70405;70405;4;0.124630628852174;0.124630628852174;0.124630628852174;2.658994257621381;541
70521;70521;4;0.016014941068147;0.016014941068147;0.016014941068147;3.509353450574409;542
70572;70572;4;0.089486553513364;0.089486553513364;0.089486553513364;2.704921267633363;543
72227;72227;4;0.089864909490388;0.089864909490388;0.089864909490388;2.799247063561982;544
72274;72274;4;0.143732102941036;0.143732102941036;0.143732102941036;4.502401101150096;545
72336;72336;4;0.362945550536849;0.362945550536849;0.362945550536849;1.003462292555251;546
72391;72391;4;0.151868185903763;0.151868185903763;0.151868185903763;4.469079767706935;547
72417;72417;4;0.319017144052783;0.319017144052783;0.319017144052783;1.952235872973974;548
72450;72450;4;0.298469453114123;0.298469453114123;0.298469453114123;1.21512396540031;549
72468;72468;4;0.290625429121397;0.290625429121397;0.290625429121397;1.802437274259478;550
72519;72519;4;0.245111092414443;0.245111092414443;0.245111092414443;1.489527896206522;551
72741;72741;4;0.294044016380932;0.294044016380932;0.294044016380932;1.602996238054194;552
74526;74526;1;-0.254997464239119;-0.254997464239119;-0.254997464239119;3.726557379537593;553
74563;74563;1;-0.235165908605906;-0.235165908605906;-0.235165908605906;3.408771928988005;554
74564;74564;1;-0.259288673679675;-0.259288673679675;-0.259288673679675;3.935529944534126;555
74610;74610;1;-0.098467654395208;-0.098467654395208;-0.098467654395208;2.336342043378291;556
74652;74652;1;-0.193160642528062;-0.193160642528062;-0.193160642528062;3.681151064179784;557
74702;74702;1;-0.277622031503647;-0.277622031503647;-0.277622031503647;3.741045135217155;558
74735;74735;1;-0.202365850513751;-0.202365850513751;-0.202365850513751;3.769615919796875;559
74770;74770;1;-0.259027674575062;-0.259027674575062;-0.259027674575062;4.226380089828872;560
75194;75194;3;0.330039131023254;0.330039131023254;0.330039131023254;0.181976325119732;561
75777;75777;1;-0.255799467665438;-0.255799467665438;-0.255799467665438;3.800470077074491;562
75788;75788;1;-0.203762351430529;-0.203762351430529;-0.203762351430529;4.010084610031479;563
75790;75790;1;-0.24910014234857;-0.24910014234857;-0.24910014234857;3.922307692642595;564
75802;75802;1;-0.258723814305497;-0.258723814305497;-0.258723814305497;4.585925931515902;565
75852;75852;1;-0.279145813701709;-0.279145813701709;-0.279145813701709;3.899622626574534;566
75921;75921;1;-0.272303721564764;-0.272303721564764;-0.272303721564764;3.629751864201378;567
75951;75951;4;0.206787893616113;0.206787893616113;0.206787893616113;2.870684566273785;568
75954;75954;4;0.328648598648088;0.328648598648088;0.328648598648088;2.100348837846933;569
75955;75955;4;0.229041621542824;0.229041621542824;0.229041621542824;2.4075126902101;570
75980;75980;4;0.22780533184766;0.22780533184766;0.22780533184766;2.553630573734357;571
76009;76009;1;-0.287177913641354;-0.287177913641354;-0.287177913641354;3.743729628840953;572
76013;76013;4;0.231415167281188;0.231415167281188;0.231415167281188;2.405740321089846;573
76025;76025;1;-0.309877439661134;-0.309877439661134;-0.309877439661134;3.704360909928056;574
76031;76031;4;0.26734071927158;0.26734071927158;0.26734071927158;1.461565902849846;575
76082;76082;1;-0.303520639780192;-0.303520639780192;-0.303520639780192;3.920030748660748;576
76085;76085;1;-0.202355079953387;-0.202355079953387;-0.202355079953387;3.191656733582216;577
76092;76092;1;-0.203777347682445;-0.203777347682445;-0.203777347682445;3.48119617364053;578
76095;76095;1;-0.246404045050299;-0.246404045050299;-0.246404045050299;3.963268892626771;579
76106;76106;1;-0.227818560214216;-0.227818560214216;-0.227818560214216;4.067867277169491;580
76163;76163;1;-0.194549326883572;-0.194549326883572;-0.194549326883572;3.903463590738874;581
76217;76217;1;-0.298792350681928;-0.298792350681928;-0.298792350681928;3.763692301420065;582
76259;76259;1;-0.290206764144386;-0.290206764144386;-0.290206764144386;4.029687499254943;583
76279;76279;1;-0.246740358444823;-0.246740358444823;-0.246740358444823;3.787780364261609;584
76283;76283;4;0.39125266050642;0.39125266050642;0.39125266050642;1.389267952773123;585
76320;76320;1;-0.255749831841865;-0.255749831841865;-0.255749831841865;3.802159621681966;586
76342;76342;4;0.312022050396391;0.312022050396391;0.312022050396391;2.165741207505448;587
76353;76353;4;0.305631143871551;0.305631143871551;0.305631143871551;2.24696995521308;588
76444;76444;1;-0.286125096648529;-0.286125096648529;-0.286125096648529;3.82056756406217;589
76465;76465;4;0.39696826997102;0.39696826997102;0.39696826997102;1.274995274858202;590
76468;76468;1;-0.314928861808557;-0.314928861808557;-0.314928861808557;3.55175231128185;591
76509;76509;4;0.32419889230302;0.32419889230302;0.32419889230302;2.134732277888172;592
76837;76837;4;0.257575678685273;0.257575678685273;0.257575678685273;2.488688050484171;593
76844;76844;4;0.170043592764573;0.170043592764573;0.170043592764573;3.768181823871352;594
76888;76888;4;0.103298538029925;0.103298538029925;0.103298538029925;5.01051195245554;595
76970;76970;2;-0.089138197556177;-0.089138197556177;-0.089138197556177;3.997467702057318;596
76984;76984;2;-0.072339103198651;-0.072339103198651;-0.072339103198651;3.72200590459998;597
76985;76985;4;0.141662148521705;0.141662148521705;0.141662148521705;4.415818194909529;598
76997;76997;2;-0.100864751096575;-0.100864751096575;-0.100864751096575;3.307811163014097;599
77025;77025;4;0.133225485287381;0.133225485287381;0.133225485287381;4.258787864988501;600
77046;77046;3;0.227034204403186;0.227034204403186;0.227034204403186;0.759764598646265;601
77088;77088;2;-0.151598188641441;-0.151598188641441;-0.151598188641441;3.920615940422252;602
77164;77164;4;0.340949799039048;0.340949799039048;0.340949799039048;1.19927357857147;603
77173;77173;3;0.375619528933349;0.375619528933349;0.375619528933349;0.307647701858914;604
77336;77336;2;-0.127202090748777;-0.127202090748777;-0.127202090748777;3.575288565838186;605
77609;77609;3;0.399130375367594;0.399130375367594;0.399130375367594;0.089089490479221;606
77870;77870;4;0.24741802272583;0.24741802272583;0.24741802272583;1.952784506229742;607
77881;77881;4;0.239459923457573;0.239459923457573;0.239459923457573;2.07338235010119;608
77886;77886;4;0.2541916603615;0.2541916603615;0.2541916603615;2.055555551901631;609
77889;77889;4;0.257989472402653;0.257989472402653;0.257989472402653;2.11014084379438;610
77904;77904;4;0.278280707744899;0.278280707744899;0.278280707744899;1.785048144186707;611
77905;77905;4;0.125403175738818;0.125403175738818;0.125403175738818;3.145617015818332;612
77915;77915;4;0.257544120998422;0.257544120998422;0.257544120998422;1.974082648261519;613
77928;77928;4;0.244692838534682;0.244692838534682;0.244692838534682;2.19449691312269;614
77937;77937;4;0.256600330310299;0.256600330310299;0.256600330310299;1.999297873770937;615
77941;77941;4;0.268544173250868;0.268544173250868;0.268544173250868;1.891602742345366;616
77944;77944;4;0.255402131198233;0.255402131198233;0.255402131198233;1.845515697259005;617
77946;77946;4;0.216096417461005;0.216096417461005;0.216096417461005;2.703055563900206;618
77950;77950;4;0.122065885360108;0.122065885360108;0.122065885360108;3.570850195189719;619
77952;77952;4;0.124834573043412;0.124834573043412;0.124834573043412;3.950131581017846;620
77973;77973;1;-0.10929057674999;-0.10929057674999;-0.10929057674999;3.422867995268486;621
77975;77975;4;0.241630020238496;0.241630020238496;0.241630020238496;2.046778322323203;622
77985;77985;4;0.22205527969615;0.22205527969615;0.22205527969615;2.489954753968511;623
77986;77986;4;0.114890357724356;0.114890357724356;0.114890357724356;3.967629622530054;624
77993;77993;4;0.263794992895176;0.263794992895176;0.263794992895176;1.972630200907588;625
77994;77994;4;0.250857482954446;0.250857482954446;0.250857482954446;2.03211116203734;626
77995;77995;4;0.209805912664397;0.209805912664397;0.209805912664397;2.441928935535063;627
77998;77998;4;0.146656524296614;0.146656524296614;0.146656524296614;2.99969542994717;628
78009;78009;1;-0.201377075587353;-0.201377075587353;-0.201377075587353;4.265135579512261;629
78014;78014;4;0.211062959899568;0.211062959899568;0.211062959899568;2.901019111560408;630
78020;78020;1;-0.27079606037779;-0.27079606037779;-0.27079606037779;4.694103114137946;631
78033;78033;4;0.262112927235133;0.262112927235133;0.262112927235133;1.81318552686008;632
78037;78037;1;-0.264860735666347;-0.264860735666347;-0.264860735666347;3.907519582668733;633
78042;78042;1;-0.301041526424187;-0.301041526424187;-0.301041526424187;3.887743725418048;634
78044;78044;4;0.263419534484341;0.263419534484341;0.263419534484341;1.936195371849678;635
78048;78048;1;-0.232266614409359;-0.232266614409359;-0.232266614409359;2.8828828900426;636
78056;78056;4;0.262836463640376;0.262836463640376;0.262836463640376;2.589073170103678;637
78062;78062;4;0.237161535184502;0.237161535184502;0.237161535184502;2.651724140306086;638
78079;78079;4;0.134549865032489;0.134549865032489;0.134549865032489;3.954989383175115;639
78083;78083;1;-0.290949768500469;-0.290949768500469;-0.290949768500469;3.452527742938548;640
78087;78087;4;0.273658862332811;0.273658862332811;0.273658862332811;1.970458564488753;641
78175;78175;4;-0.043087637493272;-0.043087637493272;-0.043087637493272;3.064597692858338;642
78216;78216;4;-0.046800962383608;-0.046800962383608;-0.046800962383608;3.041701237195755;643
78237;78237;4;-0.009694460326855;-0.009694460326855;-0.009694460326855;3.359822516610636;644
78239;78239;4;-0.052538672655965;-0.052538672655965;-0.052538672655965;3.04648067869342;645
78240;78240;4;-0.047993291622375;-0.047993291622375;-0.047993291622375;3.050524101817133;646
78241;78241;4;-0.049384352552076;-0.049384352552076;-0.049384352552076;3.045897427277687;647
78258;78258;4;-0.043766125659213;-0.043766125659213;-0.043766125659213;2.549473685967295;648
78289;78289;4;-0.011360873331413;-0.011360873331413;-0.011360873331413;3.160354742718377;649
78290;78290;4;-0.016457029626013;-0.016457029626013;-0.016457029626013;3.312587188580714;650
78292;78292;4;-0.034210499637716;-0.034210499637716;-0.034210499637716;3.242158720228407;651
78293;78293;4;-0.009274033200519;-0.009274033200519;-0.009274033200519;3.099181267253139;652
78294;78294;4;0.078571885421214;0.078571885421214;0.078571885421214;3.036937434605946;653
78306;78306;4;-0.044115951801615;-0.044115951801615;-0.044115951801615;2.943450382465625;654
78309;78309;4;-0.044994867322549;-0.044994867322549;-0.044994867322549;2.879768450767362;655
78312;78312;4;0.084861355006858;0.084861355006858;0.084861355006858;3.048129867733299;656
78450;78450;4;0.223873272882293;0.223873272882293;0.223873272882293;2.893440519324244;657
78456;78456;4;0.225381336572365;0.225381336572365;0.225381336572365;2.704353316241742;658
78457;78457;4;0.148120962615524;0.148120962615524;0.148120962615524;4.241929506768986;659
78603;78603;1;-0.326618072624874;-0.326618072624874;-0.326618072624874;4.03287468788372;660
78607;78607;1;-0.259313056323056;-0.259313056323056;-0.259313056323056;3.970083310206731;661
78613;78613;1;-0.31147577529246;-0.31147577529246;-0.31147577529246;3.906855350020547;662
78623;78623;1;-0.311541688403526;-0.311541688403526;-0.311541688403526;3.938805194953819;663
78626;78626;1;-0.279102691168924;-0.279102691168924;-0.279102691168924;4.048155327059304;664
78776;78776;5;0.598267977679526;0.598267977679526;0.598267977679526;0.420000001332247;665
79100;79100;1;-0.301410684628146;-0.301410684628146;-0.301410684628146;3.741428576856165;666
79299;79299;2;0.446514236390981;0.446514236390981;0.446514236390981;0.081781908563019;667
79355;79355;2;-0.14054810050075;-0.14054810050075;-0.14054810050075;3.829938664758132;668
79359;79359;2;-0.092301565991325;-0.092301565991325;-0.092301565991325;3.352159471606891;669
79376;79376;2;-0.120861294861184;-0.120861294861184;-0.120861294861184;3.173348781822178;670
79377;79377;2;-0.157457185390333;-0.157457185390333;-0.157457185390333;3.790867586658425;671
79379;79379;2;0.474309402144896;0.474309402144896;0.474309402144896;0.05593231008313;672
79416;79416;2;-0.055584999723698;-0.055584999723698;-0.055584999723698;3.026904893109284;673
79430;79430;2;-0.115111542032467;-0.115111542032467;-0.115111542032467;3.154358329199444;674
79459;79459;2;-0.115942499648961;-0.115942499648961;-0.115942499648961;3.31473309430929;675
79475;79475;4;0.224842910918724;0.224842910918724;0.224842910918724;2.390092313721376;676
79484;79484;2;-0.184265483777954;-0.184265483777954;-0.184265483777954;3.917826729899111;677
79486;79486;4;0.269044931885629;0.269044931885629;0.269044931885629;2.038272249724339;678
79490;79490;2;-0.155469700330641;-0.155469700330641;-0.155469700330641;3.491884701532165;679
79503;79503;2;-0.09288155900894;-0.09288155900894;-0.09288155900894;3.20419868086696;680
79528;79528;4;0.274717251294209;0.274717251294209;0.274717251294209;2.072990423821238;681
79577;79577;2;0.237699630547086;0.237699630547086;0.237699630547086;0.55280807135829;682
79973;79973;1;-0.240792991999441;-0.240792991999441;-0.240792991999441;3.344487181076637;683
80006;80006;1;-0.218301803377264;-0.218301803377264;-0.218301803377264;3.835431240099571;684
80148;80148;1;-0.310316028475411;-0.310316028475411;-0.310316028475411;3.906752132961893;685
80197;80197;1;-0.217595205526976;-0.217595205526976;-0.217595205526976;3.474222221071758;686
80210;80210;1;-0.305957020008389;-0.305957020008389;-0.305957020008389;3.599794120648328;687
80244;80244;1;-0.239769810653688;-0.239769810653688;-0.239769810653688;3.419812695168804;688
80345;80345;1;-0.254575870690209;-0.254575870690209;-0.254575870690209;3.806815918998339;689
80399;80399;1;-0.165018135501471;-0.165018135501471;-0.165018135501471;3.102942857401711;690
80430;80430;1;-0.234289265591162;-0.234289265591162;-0.234289265591162;3.276634847634163;691
82082;82082;2;-0.047605558087537;-0.047605558087537;-0.047605558087537;3.139205085643714;692
82444;82444;1;-0.231628234749887;-0.231628234749887;-0.231628234749887;3.529092687048563;693
82453;82453;1;-0.220190856171825;-0.220190856171825;-0.220190856171825;3.557611056753349;694
84857;84857;2;-0.119685460393384;-0.119685460393384;-0.119685460393384;3.562387272755094;695
84885;84885;2;-0.078481455641689;-0.078481455641689;-0.078481455641689;3.334411762041204;696
84922;84922;2;-0.070062166110051;-0.070062166110051;-0.070062166110051;3.019654431559355;697
86128;86128;1;-0.178079878147464;-0.178079878147464;-0.178079878147464;3.351378704656897;698
86896;86896;4;0.060057908110729;0.060057908110729;0.060057908110729;2.34245614106195;699
86918;86918;4;0.371370253771909;0.371370253771909;0.371370253771909;0.999645291400964;700
87966;87966;4;0.138557327262154;0.138557327262154;0.138557327262154;3.785606060967301;701
87974;87974;1;-0.22657569409738;-0.22657569409738;-0.22657569409738;3.079852214587733;702
87987;87987;1;-0.220025169798761;-0.220025169798761;-0.220025169798761;3.851941751044931;703
88021;88021;1;-0.189527802056105;-0.189527802056105;-0.189527802056105;3.226688204414432;704
88036;88036;1;-0.248106734871919;-0.248106734871919;-0.248106734871919;3.441996313066888;705
88041;88041;4;0.399656197150429;0.399656197150429;0.399656197150429;1.390650600482182;706
88047;88047;1;-0.273281604767366;-0.273281604767366;-0.273281604767366;3.712052404620241;707
88048;88048;1;-0.29008752341495;-0.29008752341495;-0.29008752341495;3.909506715466623;708
88055;88055;1;-0.309102646609147;-0.309102646609147;-0.309102646609147;4.079333327611289;709
88060;88060;1;-0.262703739712157;-0.262703739712157;-0.262703739712157;3.508414635207595;710
88074;88074;1;-0.260879943640106;-0.260879943640106;-0.260879943640106;3.721048116938953;711
88099;88099;1;-0.128581889923965;-0.128581889923965;-0.128581889923965;3.223943084720674;712
88113;88113;4;0.238986406504274;0.238986406504274;0.238986406504274;2.724634524452186;713
88115;88115;4;0.199894025595726;0.199894025595726;0.199894025595726;3.026983821312662;714
88120;88120;4;0.361602795791414;0.361602795791414;0.361602795791414;1.426612772487206;715
88147;88147;4;0.314010935018972;0.314010935018972;0.314010935018972;1.51578469603442;716
88151;88151;4;0.332713499604234;0.332713499604234;0.332713499604234;1.146538038719425;717
88165;88165;4;0.206950483684564;0.206950483684564;0.206950483684564;2.899932999107706;718
88166;88166;4;0.383291525713499;0.383291525713499;0.383291525713499;0.978779955042733;719
88175;88175;4;0.339093951782438;0.339093951782438;0.339093951782438;1.15995735559128;720
88191;88191;4;0.193986434589157;0.193986434589157;0.193986434589157;3.051989139674846;721
88202;88202;4;0.201847406616056;0.201847406616056;0.201847406616056;3.202666664123535;722
88220;88220;4;0.335067310465637;0.335067310465637;0.335067310465637;1.182744889436685;723
88346;88346;4;0.36668348472857;0.36668348472857;0.36668348472857;1.169805395476642;724
88407;88407;3;0.440879622450478;0.440879622450478;0.440879622450478;0.101926895066794;725
88428;88428;4;0.222056460268093;0.222056460268093;0.222056460268093;2.706716983273344;726
88458;88458;4;0.276621463651199;0.276621463651199;0.276621463651199;1.098104263086455;727
88465;88465;4;0.364440951653172;0.364440951653172;0.364440951653172;1.161615470756985;728
88509;88509;3;0.426767298261555;0.426767298261555;0.426767298261555;0.181274761018901;729
88728;88728;3;0.404678950949532;0.404678950949532;0.404678950949532;0.452259882754639;730
88853;88853;4;0.307005447806911;0.307005447806911;0.307005447806911;2.212084068099588;731
89223;89223;4;0.11439452953758;0.11439452953758;0.11439452953758;5.323908791868228;732
89319;89319;4;0.128011232520827;0.128011232520827;0.128011232520827;4.978742502406686;733
89342;89342;4;0.167981102299772;0.167981102299772;0.167981102299772;4.727781552910398;734
89351;89351;4;0.150987967020935;0.150987967020935;0.150987967020935;4.590555558602016;735
89381;89381;4;0.118639099381267;0.118639099381267;0.118639099381267;5.100652830537066;736
89392;89392;4;0.158135533044415;0.158135533044415;0.158135533044415;4.65032262033032;737
89405;89405;4;0.140372453281632;0.140372453281632;0.140372453281632;4.576987025025604;738
89415;89415;4;0.180029486393822;0.180029486393822;0.180029486393822;3.822434539287487;739
89439;89439;4;0.181397092324022;0.181397092324022;0.181397092324022;3.825501975071871;740
89580;89580;4;0.200597093206791;0.200597093206791;0.200597093206791;2.009327343031599;741
90023;90023;4;0.263338823126604;0.263338823126604;0.263338823126604;2.687260274201223;742
90024;90024;4;0.293194775858469;0.293194775858469;0.293194775858469;2.327175435371566;743
90042;90042;4;0.202012531878066;0.202012531878066;0.202012531878066;3.865096907745036;744
90064;90064;4;0.209490879445163;0.209490879445163;0.209490879445163;3.75612415408294;745
90102;90102;4;0.160201235193955;0.160201235193955;0.160201235193955;4.07368419937223;746
90105;90105;4;0.21821202878358;0.21821202878358;0.21821202878358;3.375476467075633;747
90228;90228;4;0.329008776670188;0.329008776670188;0.329008776670188;1.498758172092874;748
90247;90247;4;0.218348094819246;0.218348094819246;0.218348094819246;3.593763071623967;749
90250;90250;4;0.257518994360532;0.257518994360532;0.257518994360532;2.932031032985289;750
90280;90280;4;0.266470480000135;0.266470480000135;0.266470480000135;2.937093752529472;751
90287;90287;4;0.330780717152632;0.330780717152632;0.330780717152632;1.924888559826062;752
90307;90307;4;0.24676835721406;0.24676835721406;0.24676835721406;1.968741524055348;753
90341;90341;4;0.174181496901939;0.174181496901939;0.174181496901939;3.944601427790258;754
90354;90354;4;0.203816007359369;0.203816007359369;0.203816007359369;3.70236199207026;755
90356;90356;4;0.177679965538638;0.177679965538638;0.177679965538638;3.863518802205423;756
90357;90357;4;0.201638037068548;0.201638037068548;0.201638037068548;3.882216361959251;757
90377;90377;4;0.244152173171458;0.244152173171458;0.244152173171458;2.981976153700275;758
90404;90404;4;0.279968389736608;0.279968389736608;0.279968389736608;2.082364526875501;759
90427;90427;4;0.328771716849819;0.328771716849819;0.328771716849819;1.667898090022385;760
90447;90447;4;0.225668844417226;0.225668844417226;0.225668844417226;2.979223151744456;761
90464;90464;4;0.268428597222064;0.268428597222064;0.268428597222064;2.885382953529902;762
90488;90488;4;0.144043836531012;0.144043836531012;0.144043836531012;3.728065921034073;763
90492;90492;4;0.129419442905407;0.129419442905407;0.129419442905407;3.060757893261157;764
90510;90510;4;0.181443417228239;0.181443417228239;0.181443417228239;3.930232562143981;765
90513;90513;4;0.196093982360933;0.196093982360933;0.196093982360933;3.900206523615381;766
90526;90526;4;0.226910507544005;0.226910507544005;0.226910507544005;3.297926100559257;767
90549;90549;4;0.226933790533335;0.226933790533335;0.226933790533335;3.118811113379488;768
91137;91137;4;0.321727591353796;0.321727591353796;0.321727591353796;1.409026070129811;769
91170;91170;4;0.350323454109515;0.350323454109515;0.350323454109515;1.138995628256291;770
91197;91197;4;0.32205167719361;0.32205167719361;0.32205167719361;1.93471980216011;771
91368;91368;4;0.258021202954379;0.258021202954379;0.258021202954379;2.827196967421156;772
91369;91369;4;0.298263131330411;0.298263131330411;0.298263131330411;2.817777769433127;773
91372;91372;4;0.274971573450272;0.274971573450272;0.274971573450272;2.829668253518959;774
91374;91374;4;0.256600590186869;0.256600590186869;0.256600590186869;2.86340611782657;775
91375;91375;4;0.268961530033644;0.268961530033644;0.268961530033644;2.863181815131918;776
91385;91385;4;0.26060420542741;0.26060420542741;0.26060420542741;2.909122305122211;777
91388;91388;4;0.263881790079485;0.263881790079485;0.263881790079485;2.856285241310474;778
91477;91477;4;0.262840811472088;0.262840811472088;0.262840811472088;3.017896339296712;779
91489;91489;4;0.314774742246384;0.314774742246384;0.314774742246384;2.002151522081977;780
91506;91506;4;0.309940129246263;0.309940129246263;0.309940129246263;2.061935641983195;781
93145;93145;2;-0.253399559753604;-0.253399559753604;-0.253399559753604;4.486349606283265;782
93202;93202;4;0.355488360778986;0.355488360778986;0.355488360778986;1.899368895927289;783
93292;93292;2;-0.223907488768445;-0.223907488768445;-0.223907488768445;4.173138062824266;784
93317;93317;4;0.036745837573304;0.036745837573304;0.036745837573304;3.74567315078966;785
93324;93324;4;0.064286243206477;0.064286243206477;0.064286243206477;3.35478134614038;786
93335;93335;4;0.420014366832646;0.420014366832646;0.420014366832646;1.102472720579668;787
93364;93364;4;0.049725454106348;0.049725454106348;0.049725454106348;3.595935337813291;788
93368;93368;4;0.362144722386421;0.362144722386421;0.362144722386421;1.804154107319051;789
93369;93369;4;0.07481285987646;0.07481285987646;0.07481285987646;3.142821574112192;790
93377;93377;4;0.367302733152734;0.367302733152734;0.367302733152734;1.275933611689761;791
93391;93391;2;-0.126821208058646;-0.126821208058646;-0.126821208058646;3.903905114770806;792
93395;93395;4;0.04578363024548;0.04578363024548;0.04578363024548;3.004937342832561;793
93407;93407;4;0.076065770413128;0.076065770413128;0.076065770413128;2.829903771840229;794
93409;93409;4;0.18174940614094;0.18174940614094;0.18174940614094;1.226510343880489;795
93411;93411;4;0.083858023669038;0.083858023669038;0.083858023669038;2.931828572239195;796
93413;93413;4;0.099718919395494;0.099718919395494;0.099718919395494;1.712457418731819;797
93422;93422;4;0.076976452997353;0.076976452997353;0.076976452997353;2.966464282572269;798
93443;93443;4;0.305477639167494;0.305477639167494;0.305477639167494;1.836397749733522;799
93453;93453;4;0.128777514833812;0.128777514833812;0.128777514833812;3.793498222061265;800
93455;93455;4;0.080323059055324;0.080323059055324;0.080323059055324;2.839311548472842;801
93467;93467;4;0.20851148617427;0.20851148617427;0.20851148617427;2.019835388218915;802
93481;93481;4;0.188452145854895;0.188452145854895;0.188452145854895;2.555587848237515;803
93491;93491;4;0.051788472900239;0.051788472900239;0.051788472900239;3.611309018769489;804
93517;93517;2;-0.164548891950796;-0.164548891950796;-0.164548891950796;3.735122340818795;805
93559;93559;4;0.043871896706939;0.043871896706939;0.043871896706939;3.703524034956227;806
93567;93567;4;0.180162590465031;0.180162590465031;0.180162590465031;2.775796019912359;807
95168;95168;4;0.349244118414142;0.349244118414142;0.349244118414142;1.232954542067918;808
95179;95179;4;0.304438369094039;0.304438369094039;0.304438369094039;1.746762589585009;809
95185;95185;4;0.235624244242358;0.235624244242358;0.235624244242358;2.704907983358652;810
95187;95187;4;0.331103315592831;0.331103315592831;0.331103315592831;1.215128203742524;811
95189;95189;4;0.231291641535099;0.231291641535099;0.231291641535099;2.512231410534914;812
95232;95232;4;0.268470257981367;0.268470257981367;0.268470257981367;1.926632314382952;813
95274;95274;4;0.276906534105685;0.276906534105685;0.276906534105685;2.090799346250189;814
95292;95292;4;0.181476250787408;0.181476250787408;0.181476250787408;3.818253826458391;815
95310;95310;2;-0.220861839588378;-0.220861839588378;-0.220861839588378;3.960062075963604;816
95321;95321;4;0.354068829076487;0.354068829076487;0.354068829076487;1.096458683327519;817
95325;95325;4;0.25512612553617;0.25512612553617;0.25512612553617;2.630440538150098;818
95326;95326;4;0.278239571013068;0.278239571013068;0.278239571013068;2.213129762929814;819
95334;95334;4;0.302435820357346;0.302435820357346;0.302435820357346;1.958222035801636;820
95336;95336;4;0.263393692336641;0.263393692336641;0.263393692336641;2.63693693307069;821
95342;95342;4;0.272272109320263;0.272272109320263;0.272272109320263;2.109117956647964;822
95361;95361;4;0.323231272471761;0.323231272471761;0.323231272471761;1.502524274066814;823
95403;95403;4;0.307226188559696;0.307226188559696;0.307226188559696;1.684328043776214;824
95421;95421;4;0.266876579185466;0.266876579185466;0.266876579185466;2.402097898263198;825
95423;95423;4;0.238505211277086;0.238505211277086;0.238505211277086;2.084918014990176;826
95447;95447;4;0.312712394653406;0.312712394653406;0.312712394653406;1.442406015736716;827
95448;95448;4;0.266838412065774;0.266838412065774;0.266838412065774;1.819249446555216;828
95450;95450;4;0.377553015166495;0.377553015166495;0.377553015166495;1.045065501111043;829
95451;95451;4;0.339548337188634;0.339548337188634;0.339548337188634;1.073419911520822;830
95455;95455;4;0.312029938768358;0.312029938768358;0.312029938768358;1.830478723458153;831
95462;95462;4;0.235346955071027;0.235346955071027;0.235346955071027;2.6385585585156;832
95469;95469;4;0.281122446963281;0.281122446963281;0.281122446963281;2.062060609730807;833
95470;95470;4;0.358984616931113;0.358984616931113;0.358984616931113;1.148687980535143;834
95471;95471;4;0.36951523862387;0.36951523862387;0.36951523862387;1.18613002709929;835
95476;95476;4;0.250931365112973;0.250931365112973;0.250931365112973;2.790598282447228;836
95477;95477;4;0.369587609219593;0.369587609219593;0.369587609219593;1.255053377872684;837
95478;95478;4;0.320982250440968;0.320982250440968;0.320982250440968;2.161092886833545;838
95484;95484;4;0.304343366593707;0.304343366593707;0.304343366593707;2.435490196047266;839
95485;95485;4;0.301962815690786;0.301962815690786;0.301962815690786;2.228928573163492;840
95504;95504;4;0.209376184041848;0.209376184041848;0.209376184041848;3.630494441915354;841
95507;95507;4;0.241382645501397;0.241382645501397;0.241382645501397;2.435064456739478;842
95527;95527;2;-0.216005527108791;-0.216005527108791;-0.216005527108791;4.01405737078825;843
95566;95566;4;0.19650393155191;0.19650393155191;0.19650393155191;3.139779644976632;844
95568;95568;4;0.315677270682602;0.315677270682602;0.315677270682602;1.280847454685613;845
95581;95581;4;0.09883415017468;0.09883415017468;0.09883415017468;4.870161749878256;846
95657;95657;2;-0.227799220260142;-0.227799220260142;-0.227799220260142;3.938826175192641;847
95822;95822;4;0.092396971105403;0.092396971105403;0.092396971105403;3.936294327813683;848
96149;96149;4;0.203672996722162;0.203672996722162;0.203672996722162;2.891470612848506;849
96325;96325;4;0.419099250821915;0.419099250821915;0.419099250821915;0.987054826202814;850
96335;96335;4;0.352690855559614;0.352690855559614;0.352690855559614;1.074845358063675;851
96355;96355;4;0.407687043749405;0.407687043749405;0.407687043749405;1.380311278981457;852
96377;96377;4;0.297098676292669;0.297098676292669;0.297098676292669;2.020095230851854;853
96382;96382;4;0.384511757511166;0.384511757511166;0.384511757511166;1.074629193074437;854
96396;96396;4;0.314391854857899;0.314391854857899;0.314391854857899;2.218638732171184;855
96404;96404;4;0.212931790947914;0.212931790947914;0.212931790947914;3.402896544028973;856
96410;96410;4;0.156246072351933;0.156246072351933;0.156246072351933;3.712088880009121;857
96413;96413;4;0.405641459536507;0.405641459536507;0.405641459536507;1.314155594560634;858
96455;96455;4;0.221331963481928;0.221331963481928;0.221331963481928;3.019973343714033;859
96467;96467;4;0.361416522798352;0.361416522798352;0.361416522798352;1.541945836309684;860
96476;96476;4;0.240321584778388;0.240321584778388;0.240321584778388;2.840533714448468;861
96487;96487;4;0.436079040447377;0.436079040447377;0.436079040447377;0.741366458050213;862
96502;96502;4;0.465597106133654;0.465597106133654;0.465597106133654;0.520619307527614;863
96525;96525;4;0.438688558588876;0.438688558588876;0.438688558588876;0.874754990510196;864
96612;96612;2;-0.22648251826014;-0.22648251826014;-0.22648251826014;4.144954367442424;865
97332;97332;5;0.555789042941146;0.555789042941146;0.555789042941146;0.394567992376449;866
97778;97778;3;0.128439315560765;0.128439315560765;0.128439315560765;0.936852738756227;867
98007;98007;3;0.365002663099657;0.365002663099657;0.365002663099657;0.07900428655426;868
98072;98072;4;0.231901781654906;0.231901781654906;0.231901781654906;2.968735627744389;869
98102;98102;4;0.348443926037146;0.348443926037146;0.348443926037146;1.320096912573087;870
98124;98124;4;0.156424167347022;0.156424167347022;0.156424167347022;3.658810198813593;871
98126;98126;4;0.213384126364602;0.213384126364602;0.213384126364602;3.113420193669074;872
98159;98159;4;0.255677193866233;0.255677193866233;0.255677193866233;2.592379693479728;873
98182;98182;4;0.256423549762869;0.256423549762869;0.256423549762869;2.547362840914093;874
98208;98208;4;0.278549887471557;0.278549887471557;0.278549887471557;2.32243523480361;875
98249;98249;4;0.289329177377248;0.289329177377248;0.289329177377248;2.27633663274274;876
98267;98267;4;0.154646395044734;0.154646395044734;0.154646395044734;4.68483787697981;877
98295;98295;4;0.284467809455236;0.284467809455236;0.284467809455236;1.868945313850418;878
98296;98296;4;0.261206172411634;0.261206172411634;0.261206172411634;2.710838884551738;879
98306;98306;3;0.442204768495672;0.442204768495672;0.442204768495672;0.256633556627187;880
98308;98308;4;0.282709009065065;0.282709009065065;0.282709009065065;1.714620560092724;881
98356;98356;4;0.354890147904329;0.354890147904329;0.354890147904329;1.499294681244102;882
98371;98371;4;0.276794653546847;0.276794653546847;0.276794653546847;2.055864195028941;883
100112;100112;3;0.35010447302847;0.35010447302847;0.35010447302847;0.26918181819924;884
100490;100490;4;0.13704526812676;0.13704526812676;0.13704526812676;3.815006353349213;885
100547;100547;4;0.216983909994851;0.216983909994851;0.216983909994851;2.124498976276452;886
101156;101156;4;0.345568502886197;0.345568502886197;0.345568502886197;1.388250352308726;887
101159;101159;4;0.261109112933962;0.261109112933962;0.261109112933962;2.610020303067956;888
101318;101318;4;0.272483435306147;0.272483435306147;0.272483435306147;1.87078837660833;889
101326;101326;4;0.071589729968254;0.071589729968254;0.071589729968254;5.26298940434027;890
101328;101328;4;0.246497618257753;0.246497618257753;0.246497618257753;2.249583903916712;891
102042;102042;4;0.113455316383141;0.113455316383141;0.113455316383141;4.126877462439858;892
102177;102177;4;0.133293638400309;0.133293638400309;0.133293638400309;3.903616505051122;893
102277;102277;4;0.124551800798845;0.124551800798845;0.124551800798845;4.633948471579866;894
102289;102289;4;0.12271607207893;0.12271607207893;0.12271607207893;4.666497639355304;895
102409;102409;4;0.333876366802745;0.333876366802745;0.333876366802745;3.078445226480599;896
102727;102727;3;0.410448076472865;0.410448076472865;0.410448076472865;0.074596861423975;897
103019;103019;4;0.107070323116538;0.107070323116538;0.107070323116538;4.830947894452396;898
103925;103925;4;0.174258254606415;0.174258254606415;0.174258254606415;3.594444442678381;899
103935;103935;4;0.280613152778637;0.280613152778637;0.280613152778637;1.614269009807654;900
103963;103963;4;0.328459262622125;0.328459262622125;0.328459262622125;1.496515158450965;901
103965;103965;4;0.267304560891828;0.267304560891828;0.267304560891828;1.76295918165421;902
103979;103979;4;0.228328067742495;0.228328067742495;0.228328067742495;1.914225121695688;903
104003;104003;4;0.287729575380601;0.287729575380601;0.287729575380601;1.387142857352456;904
104005;104005;4;0.24724256598319;0.24724256598319;0.24724256598319;1.88540865910741;905
104167;104167;4;0.154494788731101;0.154494788731101;0.154494788731101;4.017594002243271;906
104189;104189;4;0.190209134339806;0.190209134339806;0.190209134339806;3.730455980360883;907
104209;104209;4;0.206977214617829;0.206977214617829;0.206977214617829;3.303920939819426;908
104236;104236;4;0.20667833439058;0.20667833439058;0.20667833439058;3.15710134627885;909
104240;104240;4;0.21154836709774;0.21154836709774;0.21154836709774;3.023115090550132;910
104242;104242;4;0.204756010127214;0.204756010127214;0.204756010127214;3.454539880174801;911
104265;104265;4;0.203800388283359;0.203800388283359;0.203800388283359;3.474654869333983;912
104278;104278;4;0.1314131379782;0.1314131379782;0.1314131379782;2.067303607544828;913
105911;66815;4;0.31359377742878;0.31359377742878;0.31359377742878;1.432884615856213;914
105912;66772;4;0.247432382469592;0.247432382469592;0.247432382469592;2.41804348035999;915
105918;66448;4;0.295968764439613;0.295968764439613;0.295968764439613;1.035681456801744;916
105933;79337;2;0.440627657901768;0.440627657901768;0.440627657901768;0.128796205869287;917
105941;78823;2;0.398237034616712;0.398237034616712;0.398237034616712;0.166221503663153;918
105986;96412;4;0.23425276230322;0.23425276230322;0.23425276230322;2.930016827041908;919
105995;96224;4;0.220050751313885;0.220050751313885;0.220050751313885;2.748331343925025;920
105996;96200;4;0.195348218196242;0.195348218196242;0.195348218196242;3.004700703869057;921
106010;96538;3;0.404725130199464;0.404725130199464;0.404725130199464;0.640091555302617;922
106011;96474;3;0.368489943367905;0.368489943367905;0.368489943367905;0.170132502071197;923
106012;95501;2;-0.247067588711359;-0.247067588711359;-0.247067588711359;4.067858589022578;924
106065;41054;3;0.107737798140398;0.107737798140398;0.107737798140398;1.066659088242291;925
106200;80073;1;-0.231348611559385;-0.231348611559385;-0.231348611559385;3.344409857897134;926
106254;98089;3;0.389857791362569;0.389857791362569;0.389857791362569;0.161406363185631;927
106267;98277;4;0.275839942957662;0.275839942957662;0.275839942957662;1.825617504776071;928
106298;101420;4;0.114429102519146;0.114429102519146;0.114429102519146;4.84929318939902;929
106307;101442;4;0.070073450871369;0.070073450871369;0.070073450871369;4.801142196257684;930
106372;26491;3;0.350071210299149;0.350071210299149;0.350071210299149;0.117134244276913;931
106382;27341;1;-0.242312365046744;-0.242312365046744;-0.242312365046744;3.28897118960879;932
106385;27298;1;-0.26156796543941;-0.26156796543941;-0.26156796543941;3.949715022596053;933
106393;27225;1;-0.215178537622882;-0.215178537622882;-0.215178537622882;3.767940077442355;934
106478;70415;4;0.367093888800658;0.367093888800658;0.367093888800658;1.081525269665483;935
106576;102274;3;0.37542737070707;0.37542737070707;0.37542737070707;0.209301537895077;936
106619;102651;4;0.167229033859786;0.167229033859786;0.167229033859786;3.607520522155198;937
106727;45817;3;0.331998237643963;0.331998237643963;0.331998237643963;0.256576558324378;938
106766;59562;3;0.382397028327261;0.382397028327261;0.382397028327261;0.179979767735534;939
106769;58999;1;-0.304064131611709;-0.304064131611709;-0.304064131611709;3.909169768366075;940
106874;265;3;0.36118247367791;0.36118247367791;0.36118247367791;0.227092167893479;941
106878;524;3;0.359951337583819;0.359951337583819;0.359951337583819;0.362315103045901;942
106976;17091;3;0.246194850145165;0.246194850145165;0.246194850145165;0.676637356067431;943
107090;61671;4;0.28314468039092;0.28314468039092;0.28314468039092;1.955119396340619;944
107136;75108;3;0.192379707246841;0.192379707246841;0.192379707246841;0.940038276508308;945
107137;76516;1;-0.2775186687204;-0.2775186687204;-0.2775186687204;3.489565225039128;946
107144;75208;3;0.250325461748836;0.250325461748836;0.250325461748836;0.69465519193067;947
107154;76332;4;0.273106542096736;0.273106542096736;0.273106542096736;1.940383707569622;948
107167;86736;3;0.426952442371755;0.426952442371755;0.426952442371755;0.130580130429632;949
107168;87077;3;0.31730720455856;0.31730720455856;0.31730720455856;0.277559568929081;950
107171;85958;4;0.333754506157728;0.333754506157728;0.333754506157728;2.03986722831634;951
107172;86111;1;-0.162350993472719;-0.162350993472719;-0.162350993472719;3.50522475863901;952
107179;86829;3;0.370635351912085;0.370635351912085;0.370635351912085;0.156828915625811;953
107181;86141;1;-0.18178609572351;-0.18178609572351;-0.18178609572351;3.822222220235401;954
107199;855;4;0.343057898396867;0.343057898396867;0.343057898396867;1.367244205966189;955
107355;35121;3;0.327084583553867;0.327084583553867;0.327084583553867;0.378217089404292;956
107405;50258;3;0.421406242675414;0.421406242675414;0.421406242675414;0.16327838092246;957
107446;63589;3;0.17987645962385;0.17987645962385;0.17987645962385;1.03567159685547;958
107473;63444;1;-0.168871336202024;-0.168871336202024;-0.168871336202024;3.702337392461978;959
107603;52480;3;0.36900986793723;0.36900986793723;0.36900986793723;0.266191368935405;960
107772;79563;2;0.421557533857479;0.421557533857479;0.421557533857479;0.351801715230124;961
107780;79556;4;0.25662702502948;0.25662702502948;0.25662702502948;2.570913254845732;962
107794;90602;4;0.195332979696376;0.195332979696376;0.195332979696376;3.949491175411894;963
107800;90587;4;0.173231082381033;0.173231082381033;0.173231082381033;3.932613911674463;964
107802;90616;4;0.254079872060628;0.254079872060628;0.254079872060628;2.007350420942581;965
107824;90595;4;0.24940571170894;0.24940571170894;0.24940571170894;3.040608501914364;966
107833;96535;4;0.219637836404258;0.219637836404258;0.219637836404258;3.254776955735069;967
107835;96533;4;0.45576605160054;0.45576605160054;0.45576605160054;0.705655737286383;968
107839;96529;4;0.333547068628627;0.333547068628627;0.333547068628627;1.979131449905919;969
107845;96506;4;0.389891981726139;0.389891981726139;0.389891981726139;1.123532856481252;970
107852;96531;4;0.241938636350358;0.241938636350358;0.241938636350358;2.979689480857251;971
107853;96513;4;0.299737348758038;0.299737348758038;0.299737348758038;2.232169443590803;972
107874;55488;3;0.193070455182172;0.193070455182172;0.193070455182172;0.734348846627416;973
107932;92610;2;-0.251552508115808;-0.251552508115808;-0.251552508115808;4.005335501617324;974
107977;98392;4;0.26562434850294;0.26562434850294;0.26562434850294;1.950664957389807;975
107981;98384;4;0.119690672542007;0.119690672542007;0.119690672542007;4.729912842758862;976
107982;98379;4;0.227255824395991;0.227255824395991;0.227255824395991;2.543023619877072;977
107987;98377;4;0.2728749477784;0.2728749477784;0.2728749477784;1.958567037309082;978
107992;98400;4;0.251321101882262;0.251321101882262;0.251321101882262;1.938096573485343;979
108039;28411;3;0.278658463386451;0.278658463386451;0.278658463386451;0.47487084744287;980
108078;44143;3;0.288502197670432;0.288502197670432;0.288502197670432;0.397157389168744;981
108102;44141;3;0.253339079341261;0.253339079341261;0.253339079341261;0.527381934015467;982
108115;58010;4;0.29987089819687;0.29987089819687;0.29987089819687;1.425581555171304;983
108117;58019;4;0.381449978862699;0.381449978862699;0.381449978862699;1.340393118688457;984
108118;58025;4;0.192558011811283;0.192558011811283;0.192558011811283;1.921416781873454;985
108120;58020;4;0.24007891573341;0.24007891573341;0.24007891573341;3.612570285797119;986
108123;58021;4;0.152161300717803;0.152161300717803;0.152161300717803;1.758800853498487;987
108126;58009;4;0.068111116003714;0.068111116003714;0.068111116003714;2.723145484924316;988
108127;58002;4;0.011250829875781;0.011250829875781;0.011250829875781;3.836376314379197;989
108131;58041;1;-0.260042696966084;-0.260042696966084;-0.260042696966084;3.488901100970887;990
108140;58013;4;0.29574563263103;0.29574563263103;0.29574563263103;2.670159579274502;991
108141;58037;1;-0.143816483210131;-0.143816483210131;-0.143816483210131;2.937880800259824;992
108142;58038;4;0.390634743110558;0.390634743110558;0.390634743110558;1.495879266127514;993
108152;83916;2;-0.236223215792146;-0.236223215792146;-0.236223215792146;4.19755523861705;994
108235;100576;3;0.431152489614295;0.431152489614295;0.431152489614295;0.094158085378088;995
108247;100559;4;0.240514650300611;0.240514650300611;0.240514650300611;1.941875000639508;996
108267;100554;4;0.159867300187573;0.159867300187573;0.159867300187573;2.137006801164069;997
108271;100552;4;0.250220520524528;0.250220520524528;0.250220520524528;1.56500000090111;998
108275;100543;4;0.263379201060615;0.263379201060615;0.263379201060615;1.522456141475581;999
108278;100546;4;0.24730475446307;0.24730475446307;0.24730475446307;1.824846297233057;1000
108282;100548;4;0.183886166116813;0.183886166116813;0.183886166116813;2.058597549069218;1001
108499;100960;4;0.375708717217641;0.375708717217641;0.375708717217641;1.071059240056079;1002
108504;100963;4;0.373709830233739;0.373709830233739;0.373709830233739;1.081908728300579;1003
108584;4127;4;0.207789201893505;0.207789201893505;0.207789201893505;2.960312431051504;1004
108645;33370;3;0.233992404427104;0.233992404427104;0.233992404427104;0.600752594754901;1005
108733;62481;1;-0.208550588391374;-0.208550588391374;-0.208550588391374;3.155369173583164;1006
108741;62463;1;-0.314436105365158;-0.314436105365158;-0.314436105365158;3.876835996249937;1007
108756;62496;1;-0.223017146977721;-0.223017146977721;-0.223017146977721;3.006719155809072;1008
108768;2373;2;-0.096395446812913;-0.096395446812913;-0.096395446812913;2.961321129772324;1009
108769;2368;3;0.17123673851238;0.17123673851238;0.17123673851238;1.037550323115645;1010
108771;2392;3;0.358953589572149;0.358953589572149;0.358953589572149;0.369957257242442;1011
108775;2403;3;0.476025531988409;0.476025531988409;0.476025531988409;0.039885670747381;1012
108788;2364;3;0.403887228328759;0.403887228328759;0.403887228328759;0.18517755784946;1013
108807;4113;4;0.25752550877579;0.25752550877579;0.25752550877579;2.273147022604751;1014
108889;35522;3;0.298815149995297;0.298815149995297;0.298815149995297;0.363713099291657;1015
108890;35524;3;0.374549560329061;0.374549560329061;0.374549560329061;0.189364137091938;1016
108891;35537;3;0.240340955499439;0.240340955499439;0.240340955499439;0.73732346504458;1017
108921;33379;3;0.259149293287919;0.259149293287919;0.259149293287919;0.603487093439582;1018
108963;61879;4;0.3210121413804;0.3210121413804;0.3210121413804;1.290493256143248;1019
108979;64670;4;0.312717491979564;0.312717491979564;0.312717491979564;1.081580960764303;1020
108980;61823;4;0.282143204549426;0.282143204549426;0.282143204549426;1.961917497406791;1021
108983;64660;4;0.248404617993693;0.248404617993693;0.248404617993693;1.719571090409517;1022
108991;64705;1;-0.016251700754631;-0.016251700754631;-0.016251700754631;2.01222221660144;1023
108999;64652;4;0.379823071851541;0.379823071851541;0.379823071851541;1.590112359181703;1024
109001;64649;4;0.363905915350657;0.363905915350657;0.363905915350657;1.635246635766307;1025
109002;64650;4;0.337786938674591;0.337786938674591;0.337786938674591;1.784550673988991;1026
109141;37953;3;0.426568740021736;0.426568740021736;0.426568740021736;0.119116758852241;1027
109176;53693;3;0.433695244162918;0.433695244162918;0.433695244162918;0.098993650476756;1028
109188;53678;1;-0.220528904909957;-0.220528904909957;-0.220528904909957;3.655114141773415;1029
109191;53682;1;-0.190541551231898;-0.190541551231898;-0.190541551231898;3.445682647923262;1030
